订单编号,标题,价格,购买数量,外部系统编号,商品属性,套餐信息,备注,订单状态,商家编码
208011225488565543,白色衬衫女2018早秋新款宽松港味长袖慵懒衬衣bf风chic早秋衬衫,228,1,AW1489_1,颜色分类：白色;尺码：S,null,null,买家已付款，等待卖家发货,AW1489_1
208011225488565543,毛衣外套女韩版2018秋季新款针织衫慵懒风宽松chic罩衫薄款复古,268,1,AW1495_1,颜色分类：白色;尺码：S,null,null,买家已付款，等待卖家发货,AW1495_1
206649390720962554,春秋风衣女秋季2018新款韩版学历外套宽松中长款chic休闲lulu外套,508.5,1,AW1165_1,颜色分类：拼色;尺码：S,null,null,买家已付款，等待卖家发货,AW1165_1
207668999271148030,pphome裙18吊带背带连衣裙女2018夏装新款宽松复古长裙子中长款夏,240,1,AW301,颜色分类：绿色;尺码：均码,null,null,卖家已发货，等待买家确认,AW301
207668999271148030,港味极简主义连衣裙夏2018新款宽松冷淡风中长款裙子女慵懒风chic,269,1,AW1344_2,颜色分类：印花;尺码：M,null,null,交易关闭,AW1344_2
206378572547558571,性感连衣裙夏2018新款宽松长裙露背女裙子小心机设计感格子温柔裙,239,1,AW1403_2,颜色分类：蓝白格;尺码：M,null,null,卖家已发货，等待买家确认,AW1403_2
206366897658497942,格纹连衣裙女夏2018新款荷叶边裙慵懒风裙子宽松极简主义长裙复古,258,1,AW1387_2,颜色分类：红蓝格;尺码：M,null,null,卖家已发货，等待买家确认,AW1387_2
207081948383786914,2017夏季新款黑色蕾丝吊带连衣裙女中长款露肩丝绒打底裙显瘦镂空,130,1,AW182_1,颜色分类：黑色;尺码：S,null,null,卖家已发货，等待买家确认,AW182_1
207081948383786914,黑灰影子插肩风衣女中长款韩版春季2018新款lulu外套欧洲站女装,447,1,AW1162_1,颜色分类：黑灰色;尺码：S,null,null,卖家已发货，等待买家确认,AW1162_1
207063300089874719,港味极简主义连衣裙夏2018新款宽松冷淡风中长款裙子女慵懒风chic,269,1,AW1344_2,颜色分类：印花;尺码：M,null,null,卖家已发货，等待买家确认,AW1344_2
206292808132017663,裤子2018新款女夏韩版休闲裤薄款哈伦裤宽松直筒高腰裤子长裤小脚,228,1,AW1463_1,颜色分类：米白色;尺寸：S,null,null,卖家已发货，等待买家确认,AW1463_1
206287071358558571,拼接条纹小西装外套女港味复古chic小香风西服休闲韩版宽松薄款,258,1,AW1474_2,颜色分类：\白;尺码：M,null,null,卖家已发货，等待买家确认,AW1474_2
206287071358558571,2018春秋新款韩版开学季chic外套女宽松百搭中长款棒球服学生港味,448.5,1,AW1051_2,颜色分类：拼色;尺码：M,null,null,卖家已发货，等待买家确认,AW1051_2
206153986698834543,撞色拼接复古印花连衣裙夏2018新款宽松长裙女慵懒风chic裙子极简,208,1,AW1345_2,颜色分类：拼色;尺码：M,null,null,卖家已发货，等待买家确认,AW1345_2
206153986698834543,2018夏新款宽松港味复古连衣裙ins超火慵懒风pp home裙子韩版女装,298,1,AW1400_2,颜色分类：白色[送打底吊带];尺码：M,null,null,卖家已发货，等待买家确认,AW1400_2
206220484730014060,2018秋季sukol裙复古波点收腰连衣裙女pphome裙子中长款风衣外套,666,1,AW1154_1,颜色分类：浅卡其;尺码：S,null,null,卖家已发货，等待买家确认,AW1154_1
206964628067502405,港味极简主义连衣裙夏2018新款宽松冷淡风中长款裙子女慵懒风chic,269,1,AW1344_1,颜色分类：印花;尺码：S,null,null,卖家已发货，等待买家确认,AW1344_1
207229370624727106,2018新款韩版极简主义名媛连衣裙慵懒风裙子女夏温柔裙超仙显瘦,189,1,AW1394_2,颜色分类：花色;尺码：M,null,null,卖家已发货，等待买家确认,AW1394_2
206165661820896865,性感连衣裙夏2018新款宽松长裙露背女裙子小心机设计感格子温柔裙,239,1,AW1403_1,颜色分类：蓝白格;尺码：S,null,null,卖家已发货，等待买家确认,AW1403_1
207430971381271129,复古印花连衣裙女夏2018新款宽松中长款 i miss裙收腰遮肚子裙子,258,1,AW1435_1,颜色分类：印花蓝;尺码：S,null,null,卖家已发货，等待买家确认,AW1435_1
206162216465771581,2018夏新款宽松港味复古连衣裙ins超火慵懒风pp home裙子韩版女装,298,1,AW1400_2,颜色分类：白色[送打底吊带];尺码：M,null,null,卖家已发货，等待买家确认,AW1400_2
207074025787933126,2018秋季新款条纹衬衫裙韩版宽松pp home裙子长裙港味连衣裙女,198,1,AW1485_2,颜色分类：蓝条纹;尺码：M,null,null,卖家已发货，等待买家确认,AW1485_2
206200999286339478,红色风衣女2018春秋季新款韩版中长款工装风宽松lulu薄款外套英伦,716,1,AW015_3,颜色分类：红色[砖红];尺码：S码(S适合S-M),null,null,卖家已发货，等待买家确认,AW015_3
206108373616665276,夏网纱蕾丝衫女镂空雪纺衫女娃娃衫网红同款上衣气质超仙chic蓬蓬,282,1,AW1188_1,颜色分类：藏青色;尺码：S,null,null,卖家已发货，等待买家确认,AW1188_1
206891044980842023,原宿风格纹撞色马甲女2018新款秋冬韩版宽松小香风背心坎肩外套,328,1,AW1468_2,颜色分类：花色;尺码：M,null,null,卖家已发货，等待买家确认,AW1468_2
206891044980842023,木耳荷叶边连衣裙秋装2018新款宽松港味气质中长款chic衬衫女裙子,288,1,AW1483_2,颜色分类：锈红色[活动价229提前享];尺码：M,null,null,卖家已发货，等待买家确认,AW1483_2
206891044980842023,春秋风衣女秋季2018新款韩版学历外套宽松中长款chic休闲lulu外套,508.5,1,AW1165_2,颜色分类：拼色;尺码：M,null,null,卖家已发货，等待买家确认,AW1165_2
206122711064491271,裙子夏黑色波点法式复古樱田川岛连衣裙女宽松中长款过膝T恤裙,228,1,AW1299_1,颜色分类：黑色;尺码：S,null,null,卖家已发货，等待买家确认,AW1299_1
176170011337251298,2018新款极简主义连衣裙女中长款慵懒风休闲chic复古鱼尾裙子港味,258,1,AW1390_1,颜色分类：拼色;尺码：S,null,null,卖家已发货，等待买家确认,AW1390_1
206976109439005914,2018夏新款宽松港味复古连衣裙ins超火慵懒风pp home裙子韩版女装,298,1,AW1400_2,颜色分类：白色[送打底吊带];尺码：M,null,null,卖家已发货，等待买家确认,AW1400_2
206976109439005914,2018新款极简主义连衣裙女中长款慵懒风休闲chic复古鱼尾裙子港味,258,1,AW1390_2,颜色分类：拼色;尺码：M,null,null,卖家已发货，等待买家确认,AW1390_2
206964489427120424,2018春秋新款chic西装阔腿裤闺蜜装时尚俏皮社会套装女港风两件套,888,1,AW1130_2,颜色分类：天空蓝;尺码：M,null,null,卖家已发货，等待买家确认,AW1130_2
176153070085214996,白色连衣裙女2018秋装新款韩版宽松中长款长裙女慵懒风chic裙子,268,1,AW1486_2,颜色分类：白色;尺码：M,null,null,卖家已发货，等待买家确认,AW1486_2
176153070085214996,2018秋季新款条纹衬衫裙韩版宽松pp home裙子长裙港味连衣裙女,198,1,AW1485_2,颜色分类：蓝条纹;尺码：M,null,null,卖家已发货，等待买家确认,AW1485_2
205998976947264245,2018夏新款宽松港味复古连衣裙ins超火慵懒风pp home裙子韩版女装,298,1,AW1400_1,颜色分类：白色[送打底吊带];尺码：S,null,null,卖家已发货，等待买家确认,AW1400_1
207079234065669526,格纹连衣裙女夏2018新款荷叶边裙慵懒风裙子宽松极简主义长裙复古,258,1,AW1387_2,颜色分类：红蓝格;尺码：M,null,null,卖家已发货，等待买家确认,AW1387_2
205964060817680370,原宿风格纹撞色马甲女2018新款秋冬韩版宽松小香风背心坎肩外套,328,1,AW1468_2,颜色分类：花色;尺码：M,null,null,卖家已发货，等待买家确认,AW1468_2
205998447374049488,2018秋季新款条纹衬衫裙韩版宽松pp home裙子长裙港味连衣裙女,198,1,AW1485_1,颜色分类：蓝条纹;尺码：S,null,null,卖家已发货，等待买家确认,AW1485_1
205998447374049488,白色衬衫洋气小衫女夏韩版荷叶边娃娃衫波点雪纺上衣chic蓬蓬衬衣,239,1,AW1448_1,颜色分类：蓝波点[波点位置随机];尺码：S,null,null,卖家已发货，等待买家确认,AW1448_1
205998447374049488,花苞短裤女夏2018新款宽松热裤高腰阔腿裤薄款哈伦裤裤子显瘦裤裙,198,1,AW1458_1,颜色分类：蓝色;尺寸：S,null,null,卖家已发货，等待买家确认,AW1458_1
206770728020521529,条纹连衣裙女夏2018新款宽松中长款鱼尾裙慵懒风裙子极简主义长裙,288,1,AW1444_2,颜色分类：蓝白;尺码：M,null,null,卖家已发货，等待买家确认,AW1444_2
206908097636597023,2018新款夏季薄款拼接条纹短袖寸衫裙女宽松长款冷淡风裙子简约,218,1,AW1290_2,颜色分类：拼色;尺码：M,null,null,卖家已发货，等待买家确认,AW1290_2
206908097636597023,白色连衣裙女2018秋装新款韩版宽松中长款长裙女慵懒风chic裙子,268,1,AW1486_2,颜色分类：白色;尺码：M,null,null,卖家已发货，等待买家确认,AW1486_2
205925393304316941,2018秋季新款条纹衬衫裙韩版宽松pp home裙子长裙港味连衣裙女,198,1,AW1485_2,颜色分类：蓝条纹;尺码：M,null,null,卖家已发货，等待买家确认,AW1485_2
205925393304316941,2018秋新款韩版宽松中长款早秋衬衫裙慵懒风chic上衣港味长袖外套,269,1,AW1506_2,颜色分类：肉桂色;尺码：M,null,null,卖家已发货，等待买家确认,AW1506_2
207044598897090500,花苞短裤女夏2018新款宽松热裤高腰阔腿裤薄款哈伦裤裤子显瘦裤裙,198,1,AW1458_2,颜色分类：蓝色;尺寸：M,null,null,卖家已发货，等待买家确认,AW1458_2
205850718468820247,重工刺绣连衣裙女夏2018新款宽松中长款蕾丝冷淡风仙女裙子超仙,268,1,AW1291_2,颜色分类：卡其色;尺码：M,null,null,卖家已发货，等待买家确认,AW1291_2
205850718468820247,2018夏季新款侧开叉ins超火的蓝色条纹衬衫女宽松短袖漏锁骨上衣,218,1,AW1216_1,颜色分类：蓝白;尺码：S,null,null,卖家已发货，等待买家确认,AW1216_1
205850718468820247,2018夏季新款前短后长短袖T恤女网红同款上衣ins超火的上衣衣服,168,1,AW1225_2,主要颜色：白色;尺码：M,null,null,卖家已发货，等待买家确认,AW1225_2
205850718468820247,2018秋季新款高腰条纹棉麻亚麻阔腿裤女港味ins超火的ulzzang裤子,248,1,AW1215_2,颜色分类：条纹;尺寸：M,null,null,卖家已发货，等待买家确认,AW1215_2
206875253923101738,大格子收腰连衣裙女V领黄白系带温柔裙超仙a字裙宽松娃娃裙夏新款,249,1,AW1317_2,颜色分类：桔色;尺码：M,null,null,卖家已发货，等待买家确认,AW1317_2
206723324778431133,裙子女夏2018新款宽松韩版鱼尾中长款极简主义裙慵懒风韩国连衣裙,238,1,AW1340_2,颜色分类：桃红色;尺码：M,null,null,卖家已发货，等待买家确认,AW1340_2
206707560911661936,2018新款学院风娃娃领连衣裙女韩版宽松慵懒风裙夏褶皱裙复古,229,1,AW1398_1,颜色分类：蓝色;尺码：S,null,null,卖家已发货，等待买家确认,AW1398_1
206706300075819728,秋季新款英伦风毛呢格子小西装外套女中长款韩版宽松休闲chic西服,387,1,AW809_1,颜色分类：格子;尺码：S,null,null,卖家已发货，等待买家确认,AW809_1
205761762172570159,春季复古温柔风小西装时髦套装女装收腰阔腿裤套装时尚两件套港风,888,1,AW1141_1,颜色分类：拉菲红;尺码：S,null,null,卖家已发货，等待买家确认,AW1141_1
206824993531167334,2018新款鱼尾连衣裙女夏宽松中长款慵懒风裙子 i miss裙超仙甜美,248,1,AW1446_1,颜色分类：桔色;尺码：S,null,null,卖家已发货，等待买家确认,AW1446_1
205811237125411868,复古连衣裙夏装宽松2018新款中长款慵懒风裙子温柔i miss裙超仙女,246,1,AW1338_2,颜色分类：白色;尺码：M,null,null,卖家已发货，等待买家确认,AW1338_2
205811237125411868,拼接连衣裙女夏季2018新款宽松V领荷叶边裙pp home裙子慵懒风裙子,189,1,AW1379_2,颜色分类：印花;尺码：M,null,null,卖家已发货，等待买家确认,AW1379_2
206803965026064139,2018新款韩版极简主义名媛连衣裙慵懒风裙子女夏温柔裙超仙显瘦,189,1,AW1394_1,颜色分类：花色;尺码：S,null,null,卖家已发货，等待买家确认,AW1394_1
206942986522326508,拼接条纹衬衫女韩版宽松chic早秋长款前短后长上衣港味长袖衬衣潮,229,1,AW1500_2,颜色分类：藏青白;尺码：M,null,null,交易关闭,AW1500_2
206942986522326508,2018早秋新款小蜜蜂花色短袖衬衫女韩范娃娃衫chic上衣慵懒风港味,282,1,AW1205_2,颜色分类：花色;尺码：M,null,null,卖家已发货，等待买家确认,AW1205_2
206942986522326508,2018秋季新款chic早秋衬衫女韩范长袖复古波点条纹衬衣学院风上衣,199,1,AW1479_2,颜色分类：黑白;尺码：M,null,null,卖家已发货，等待买家确认,AW1479_2
206942986522326508,长款T恤裙子夏季2018新款宽松过膝连衣裙女极简主义慵懒风假两件,208,1,AW1351_2,颜色分类：白色;尺码：M,null,null,卖家已发货，等待买家确认,AW1351_2
206942986522326508,2018新款张韶涵明星同款民族风印花连体裤宽松女夏阔腿裤薄款短裤,248,1,AW1377_2,颜色分类：印花;尺寸：M,null,null,卖家已发货，等待买家确认,AW1377_2
176026257939845097,阔腿裤女2018新款秋季韩版运动裤女宽松直筒休闲裤百搭长裤高腰,228,1,AW1476_1,颜色分类：红色;尺寸：S,null,null,卖家已发货，等待买家确认,AW1476_1
176026257939845097,毛衣外套女韩版2018秋季新款针织衫慵懒风宽松chic罩衫薄款复古,268,3,AW1495_1,颜色分类：白色;尺码：S,null,null,卖家已发货，等待买家确认,AW1495_1
176026257939845097,白色衬衫女2018秋季新款宽松港味长袖恶魔衬衣bf风chic早秋衬衫,228,1,AW1489_1,颜色分类：白色;尺码：S,null,null,卖家已发货，等待买家确认,AW1489_1
176026257939845097,原宿风格纹撞色马甲女2018新款秋冬韩版宽松小香风背心坎肩外套,328,1,AW1468_1,颜色分类：花色;尺码：S,null,null,卖家已发货，等待买家确认,AW1468_1
207112135543826429,长款T恤裙子夏季2018新款宽松过膝连衣裙女极简主义慵懒风假两件,208,1,AW1351_2,颜色分类：白色;尺码：M,null,null,卖家已发货，等待买家确认,AW1351_2
207112135543826429,渐变蓝白条纹衬衫女秋季2018新款韩版宽松中长款chic早秋长袖外套,313.5,1,AW1173_2,颜色分类：蓝白条纹;尺码：M,null,null,卖家已发货，等待买家确认,AW1173_2
206871278630472538,蓝色条纹衬衫裙女2018春季新款韩范中长款收腰宽松衬衣chic上衣,267,1,AW790_1,颜色分类：蓝色;尺码：S,null,null,卖家已发货，等待买家确认,AW790_1
206871278630472538,2018春秋季新款白色衬衫女chic长袖韩版学生上衣百搭宽松打底衬衣,245,1,AW396,颜色分类：白色;尺码：均码,null,null,卖家已发货，等待买家确认,AW396
206871278630472538,藏青色港风外套女2018春季韩版新款欧美宽松藏青色风衣中长款chic,498,1,AW394_1,颜色分类：藏青色;尺码：S,null,null,卖家已发货，等待买家确认,AW394_1
206871278630472538,2018秋季新款韩版豆沙红风衣女中长款过膝春秋港风chic外套lulu,507,1,AW812_2,颜色分类：豆沙红;尺码：M,null,null,卖家已发货，等待买家确认,AW812_2
206867162523794524,2018秋季新款韩版宽松英伦格子拼接风衣女港风外套过膝长款风衣,288,1,AW1472_1,颜色分类：拼色;尺码：S,null,null,卖家已发货，等待买家确认,AW1472_1
205614314053102391,2018夏新款宽松港味复古连衣裙ins超火慵懒风pp home裙子韩版女装,298,1,AW1400_1,颜色分类：白色[送打底吊带];尺码：S,null,null,卖家已发货，等待买家确认,AW1400_1
205611626607915384,朋克风黑色铆钉小皮裙女2018春季新款韩版高腰包臀半身裙a字裙,297,1,AW885_2,颜色分类：黑色;尺码：M,null,老顾客,卖家已发货，等待买家确认,AW885_2
205675800822567591,拼接条纹小西装外套女港味复古chic小香风西服休闲韩版宽松薄款,258,1,AW1474_2,颜色分类：\白;尺码：M,null,null,卖家已发货，等待买家确认,AW1474_2
206545552410972123,港味复古连衣裙女2018新款收腰长裙慵懒风pp home裙子夏极简主义,218,1,AW1399_1,颜色分类：印花;尺码：S,null,null,卖家已发货，等待买家确认,AW1399_1
205644245248175486,2018新款宽松韩版拼接连衣裙女夏荷叶边裙慵懒风pp home裙子显瘦,199,1,AW1391_2,颜色分类：拼色;尺码：M,null,null,卖家已发货，等待买家确认,AW1391_2
207025811318349503,复古印花连衣裙女夏2018新款宽松中长款 i miss裙收腰遮肚子裙子,258,1,AW1435_1,颜色分类：印花蓝;尺码：S,null,null,卖家已发货，等待买家确认,AW1435_1
205631644781721679,港味极简主义连衣裙夏2018新款宽松冷淡风中长款裙子女慵懒风chic,269,1,AW1344_1,颜色分类：印花;尺码：S,null,null,卖家已发货，等待买家确认,AW1344_1
206504056097964431,条纹连衣裙女夏2018新款宽松中长款鱼尾裙慵懒风裙子极简主义长裙,288,1,AW1444_2,颜色分类：蓝白;尺码：M,null,null,卖家已发货，等待买家确认,AW1444_2
206630869089231220,2018秋装新款韩版复古休闲萝卜裤运动九分小脚裤铅笔裤长裤女韩国,252,1,AW1068_3,颜色分类：蓝色;尺寸：S,null,null,卖家已发货，等待买家确认,AW1068_3
206773362665076429,半身裙夏女2018新款解构撞色百褶A字裙宽松气质拼色ins超火的裙子,226,1,AW1272_2,颜色分类：拼色;尺码：M,null,null,卖家已发货，等待买家确认,AW1272_2
205473306987396494,2018新款宽松荷叶袖女娃娃衫上衣蓬蓬夏洋气小衫露背心机设计衬衫,238,1,AW1455_1,颜色分类：卡其+白;尺码：S,null,null,卖家已发货，等待买家确认,AW1455_1
205473306987396494,2018春秋新款ins超火的衬衫女宽松港风长款心机衬衫设计感衬衣裙,276,1,AW1217_1,颜色分类：白色;尺码：S,null,null,卖家已发货，等待买家确认,AW1217_1
205473306987396494,裤子2018新款女夏韩版休闲裤薄款哈伦裤宽松直筒高腰裤子长裤小脚,228,1,AW1463_1,颜色分类：米白色;尺寸：S,null,null,卖家已发货，等待买家确认,AW1463_1
205592391112923049,2018夏新款宽松港味复古连衣裙ins超火慵懒风pp home裙子韩版女装,298,1,AW1400_1,颜色分类：白色[送打底吊带];尺码：S,null,null,卖家已发货，等待买家确认,AW1400_1
205592391112923049,港味极简主义连衣裙夏2018新款宽松冷淡风中长款裙子女慵懒风chic,269,1,AW1344_1,颜色分类：印花;尺码：S,null,null,卖家已发货，等待买家确认,AW1344_1
205486297728512072,条纹连衣裙女夏2018新款宽松中长款鱼尾裙慵懒风裙子极简主义长裙,288,1,AW1444_2,颜色分类：蓝白;尺码：M,null,null,卖家已发货，等待买家确认,AW1444_2
205482853764326268,白色连衣裙女2018秋装新款韩版宽松中长款长裙女慵懒风chic裙子,268,1,AW1486_1,颜色分类：白色;尺码：S,null,null,卖家已发货，等待买家确认,AW1486_1
205534599936352456,裙子女2018夏新款红色连衣裙女衬衣裙极简主义宽松中长款衬衫裙,219,1,AW280_1,颜色分类：红色;尺码：S,null,null,卖家已发货，等待买家确认,AW280_1
205442925633563184,2018夏新款法式复古黑色连衣裙女宽松极简主义慵懒风chic长裙子,285,1,AW1309_2,颜色分类：黑色;尺码：M,null,null,卖家已发货，等待买家确认,AW1309_2
205429260156841742,2018秋季新款条纹衬衫裙韩版宽松pp home裙子长裙港味连衣裙女,198,1,AW1485_1,颜色分类：蓝条纹;尺码：S,null,null,卖家已发货，等待买家确认,AW1485_1
206867387254090500,白色衬衫洋气小衫女夏韩版荷叶边娃娃衫波点雪纺上衣chic蓬蓬衬衣,239,1,AW1448_1,颜色分类：蓝波点[波点位置随机];尺码：S,null,null,卖家已发货，等待买家确认,AW1448_1
206867387254090500,港味极简主义连衣裙夏2018新款宽松冷淡风中长款裙子女慵懒风chic,269,1,AW1344_1,颜色分类：印花;尺码：S,null,null,卖家已发货，等待买家确认,AW1344_1
206478381021463406,长款T恤裙子夏季2018新款宽松过膝连衣裙女极简主义慵懒风假两件,208,1,AW1351_2,颜色分类：白色;尺码：M,null,null,卖家已发货，等待买家确认,AW1351_2
206478381021463406,裙子夏黑色波点法式复古樱田川岛连衣裙女宽松中长款过膝T恤裙,228,1,AW1299_2,颜色分类：黑色;尺码：M,null,null,卖家已发货，等待买家确认,AW1299_2
205297746789485771,复古连衣裙夏装宽松2018新款中长款慵懒风裙子温柔i miss裙超仙女,246,1,AW1338_2,颜色分类：白色;尺码：M,null,null,卖家已发货，等待买家确认,AW1338_2
205297746789485771,2018新款极简主义连衣裙女中长款慵懒风休闲chic复古鱼尾裙子港味,258,1,AW1390_2,颜色分类：拼色;尺码：M,null,null,卖家已发货，等待买家确认,AW1390_2
206787391014617110,黑白波点衬衫女洋气小衫港风衬衣2018新款秋季女上衣娃娃衫chic,198,1,AW1484_2,颜色分类：黑白波点;尺码：M,null,null,买家已付款，等待卖家发货,AW1484_2
206787391014617110,红色半身裙女2018秋季新款chic短裙高腰A字裙韩版宽松包臀裙复古,179,1,AW1499_2,颜色分类：桔红;尺码：M,null,null,卖家已发货，等待买家确认,AW1499_2
206769191932053712,V领碎花连衣裙女夏2018新款宽松中长款荷叶边复古chic冷淡风裙子,218,1,AW1334_2,颜色分类：印花;尺码：M,null,null,卖家已发货，等待买家确认,AW1334_2
206397657127579301,2018夏新款宽松港味复古连衣裙ins超火慵懒风pp home裙子韩版女装,298,1,AW1400_2,颜色分类：白色[送打底吊带];尺码：M,null,null,卖家已发货，等待买家确认,AW1400_2
206256956431156508,短袖女2018新款撞色拼接宽松T恤樱田川岛t恤韩版ins超火的上衣潮,218,1,AW1367_2,主要颜色：拼色;尺码：M,null,null,卖家已发货，等待买家确认,AW1367_2
205195322616808260,港味极简主义连衣裙夏2018新款宽松冷淡风中长款裙子女慵懒风chic,269,1,AW1344_2,颜色分类：印花;尺码：M,null,null,卖家已发货，等待买家确认,AW1344_2
205229845734516769,阳光小香风流苏马甲女春秋中长款韩版2018新款宽松坎肩背心马夹,462,1,AW1149_1,颜色分类：浅黄色;尺码：S,null,null,卖家已发货，等待买家确认,AW1149_1
206353893563358928,裙子女夏2018新款pp home心机设计感T恤裙sukol裙连衣裙小清新,199,1,AW1406_1,颜色分类：黑白色;尺码：S,null,null,卖家已发货，等待买家确认,AW1406_1
206489022680960105,原宿风工装外套女韩版港风复古chic宽松欧美嘻哈风衣学生棒球服bf,387,1,AW798_2,颜色分类：拼色;尺码：M,null,null,卖家已发货，等待买家确认,AW798_2
205125742050648183,毛衣外套女韩版2018秋季新款针织衫慵懒风宽松chic罩衫薄款复古,268,1,AW1495_1,颜色分类：白色;尺码：S,null,null,卖家已发货，等待买家确认,AW1495_1
205125742050648183,彩色条纹针织衫女2018秋新款宽松长袖喇叭袖套头上衣chic罩衫毛衣,228,1,AW1497_2,颜色分类：彩色条纹;尺码：M,null,null,买家已付款，等待卖家发货,AW1497_2
206193564239396739,条纹拼接风衣女中长款韩版秋季2018新款港风chic气质lulu学历外套,288,1,AW1470_1,颜色分类：拼色;尺码：S,null,null,交易关闭,AW1470_1
206193564239396739,2018秋季新款chic早秋衬衫女韩范长袖复古波点条纹衬衣学院风上衣,199,1,AW1479_2,颜色分类：黑白;尺码：M,null,null,卖家已发货，等待买家确认,AW1479_2
205191207806594480,连帽印花松松垮垮卫衣女2018秋新款慵懒风宽松长袖ins超火的外套,268,1,AW1488_2,颜色分类：印花;尺码：M,null,null,卖家已发货，等待买家确认,AW1488_2
205179979596232050,2018新款宽松韩版拼接连衣裙女夏荷叶边裙慵懒风pp home裙子显瘦,199,1,AW1391_2,颜色分类：拼色;尺码：M,null,null,卖家已发货，等待买家确认,AW1391_2
205137948276541263,2018秋季新款宽松韩版长袖套头毛衣女慵懒风chic针织衫外套上衣,258,1,AW1496_2,颜色分类：黄色;尺码：M,null,null,卖家已发货，等待买家确认,AW1496_2
206281149684092033,大格子收腰连衣裙女V领黄白系带温柔裙超仙a字裙宽松娃娃裙夏新款,249,1,AW1317_1,颜色分类：桔色;尺码：S,null,null,卖家已发货，等待买家确认,AW1317_1
205032754949516769,原宿简约拼色呢大衣女2017冬季新款韩版中长款撞色过膝呢子外套潮,507,1,AW979_1,颜色分类：拼色;尺码：S,null,null,卖家已发货，等待买家确认,AW979_1
205094129937017663,2018新款宽松荷叶袖女娃娃衫上衣蓬蓬夏洋气小衫露背心机设计衬衫,238,1,AW1455_1,颜色分类：卡其+白;尺码：S,null,null,卖家已发货，等待买家确认,AW1455_1
206417762812175429,波点宽松连衣裙女夏2018新款中长款T恤裙慵懒风裙子极简主义长裙,238,1,AW1437_2,颜色分类：波点;尺码：M,null,null,卖家已发货，等待买家确认,AW1437_2
206620511530175429,2018新款极简主义连衣裙女中长款慵懒风休闲chic复古鱼尾裙子港味,258,1,AW1390_2,颜色分类：拼色;尺码：M,null,null,卖家已发货，等待买家确认,AW1390_2
205063525321926577,2018新款宽松韩版拼接连衣裙女夏荷叶边裙慵懒风pp home裙子显瘦,199,1,AW1391_1,颜色分类：拼色;尺码：S,null,null,卖家已发货，等待买家确认,AW1391_1
205063525321926577,2018夏新款法式复古黑色连衣裙女宽松极简主义慵懒风chic长裙子,285,1,AW1309_1,颜色分类：黑色;尺码：S,null,null,卖家已发货，等待买家确认,AW1309_1
205114011321833166,2018新款极简主义连衣裙女中长款慵懒风休闲chic复古鱼尾裙子港味,258,1,AW1390_2,颜色分类：拼色;尺码：M,null,null,卖家已发货，等待买家确认,AW1390_2
205067696738198390,裙子女夏2018新款pp home心机设计感T恤裙sukol裙连衣裙小清新,199,1,AW1406_2,颜色分类：黑白色;尺码：M,null,null,卖家已发货，等待买家确认,AW1406_2
176073747131577896,店主很红夏季条纹白衬衫女bf宽松中长款娃娃衫防晒衣衬衣上衣蓬蓬,342,1,AW1207_1,颜色分类：白色;尺码：S,null,null,卖家已发货，等待买家确认,AW1207_1
205001952676852240,裙子女夏2018新款pp home心机设计感T恤裙sukol裙连衣裙小清新,199,1,AW1406_2,颜色分类：黑白色;尺码：M,null,null,卖家已发货，等待买家确认,AW1406_2
206180741495740917,白衬衫女2018新款吊带外穿小衫防晒娃娃衫上衣显瘦心机上衣设计感,218,1,AW1346_1,颜色分类：白色;尺码：S,null,null,卖家已发货，等待买家确认,AW1346_1
204977593996281862,店主很红夏季条纹白衬衫女bf宽松中长款娃娃衫防晒衣衬衣上衣蓬蓬,342,1,AW1207_2,颜色分类：白色;尺码：M,null,null,卖家已发货，等待买家确认,AW1207_2
204977593996281862,2018新款韩版chic早秋上衣慵懒风长袖印花T恤宽松hip-hop衣服女,155,1,AW1487_2,主要颜色：亮黄色;尺码：M,null,null,卖家已发货，等待买家确认,AW1487_2
204916022086213987,店主很红夏季条纹白衬衫女bf宽松中长款娃娃衫防晒衣衬衣上衣蓬蓬,342,1,AW1207_1,颜色分类：白色;尺码：S,null,null,卖家已发货，等待买家确认,AW1207_1
206329534850592128,港味极简主义连衣裙夏2018新款宽松冷淡风中长款裙子女慵懒风chic,269,1,AW1344_2,颜色分类：印花;尺码：M,null,null,卖家已发货，等待买家确认,AW1344_2
204966281670566692,2018新款张韶涵明星同款民族风印花连体裤宽松女夏阔腿裤薄款短裤,248,1,AW1377_2,颜色分类：印花;尺寸：M,null,null,卖家已发货，等待买家确认,AW1377_2
204959169828940547,秋季女2018新款名媛小香风连衣裙韩版宽松中长款 pphome裙子长裙,368,1,AW1467_1,颜色分类：黄白格;尺码：S,null,null,交易关闭,AW1467_1
204959169828940547,原宿风格纹撞色马甲女2018新款秋冬韩版宽松小香风背心坎肩外套,328,1,AW1468_1,颜色分类：花色;尺码：S,null,null,卖家已发货，等待买家确认,AW1468_1
204959169828940547,2018春秋新款韩版BF风中长款春装复古港风牛仔衣外套女宽松潮风衣,396,1,AW036,颜色分类：蓝色;尺码：均码,null,null,买家已付款，等待卖家发货,AW036
206515147898199038,港风牛仔外套女红色复古秋季韩版bf原宿宽松樱田川岛外套chic潮,258,1,AW1482_2,颜色分类：红色;尺码：M,null,null,卖家已发货，等待买家确认,AW1482_2
205005455659632468,裙子女夏2018新款pp home心机设计感T恤裙sukol裙连衣裙小清新,199,2,AW1406_2,颜色分类：黑白色;尺码：M,null,null,卖家已发货，等待买家确认,AW1406_2
205005259476758890,裙子女夏2018新款pp home心机设计感T恤裙sukol裙连衣裙小清新,199,1,AW1406_2,颜色分类：黑白色;尺码：M,null,null,卖家已发货，等待买家确认,AW1406_2
204953708930959674,2018新款宽松白色镂空衬衫女小清新短袖娃娃衫韩版蓬蓬上衣超仙,188,1,AW1449_2,颜色分类：白色;尺码：M,null,null,卖家已发货，等待买家确认,AW1449_2
204953708930959674,条纹半身裙女夏2018新款宽松韩版百褶裙高腰一步裙短裙A字裙仙女,258,1,AW1450_2,颜色分类：拼色;尺码：M,null,null,卖家已发货，等待买家确认,AW1450_2
204953708930959674,拼接连衣裙女夏季2018新款宽松V领荷叶边裙pp home裙子慵懒风裙子,189,1,AW1379_1,颜色分类：印花;尺码：S,null,null,卖家已发货，等待买家确认,AW1379_1
204996719941125754,折叠腰棕色短裤女秋2018新款宽松哈伦裤工装裤怪味少女裤子直筒,169,1,AW1383_2,颜色分类：黄色;尺寸：M,null,null,卖家已发货，等待买家确认,AW1383_2
204996719941125754,白衬衫女2018早秋新款长袖宽松ins超火的衬衣心机chic上衣设计感,253.5,1,AW1055_1,颜色分类：白色;尺码：S,null,null,卖家已发货，等待买家确认,AW1055_1
204996719941125754,格纹荷叶边衬衫女2018新款小清新娃娃衫宽松衬衣夏薄款防晒上衣,199,1,AW1380_2,颜色分类：黄蓝格;尺码：M,null,null,卖家已发货，等待买家确认,AW1380_2
206131769877628537,2018新款宽松荷叶袖女娃娃衫上衣蓬蓬夏洋气小衫露背心机设计衬衫,238,1,AW1455_2,颜色分类：卡其+白;尺码：M,null,null,卖家已发货，等待买家确认,AW1455_2
176051990405097696,原宿风格纹撞色马甲女2018新款秋冬韩版宽松小香风背心坎肩外套,328,1,AW1468_2,颜色分类：花色;尺码：M,null,null,卖家已发货，等待买家确认,AW1468_2
176051990405097696,秋季女2018新款白色衬衣裙韩版中长款宽松chic早秋衬衫港味bf复古,228,1,AW1498_2,颜色分类：白色;尺码：M,null,null,卖家已发货，等待买家确认,AW1498_2
204964575694258183,2018新款鱼尾连衣裙女夏宽松中长款慵懒风裙子 i miss裙超仙甜美,248,1,AW1446_2,颜色分类：桔色;尺码：M,null,null,卖家已发货，等待买家确认,AW1446_2
204964575694258183,裙子女夏2018新款宽松韩版鱼尾中长款极简主义裙慵懒风韩国连衣裙,238,1,AW1340_2,颜色分类：桃红色;尺码：M,null,null,卖家已发货，等待买家确认,AW1340_2
204964575694258183,2018新款宽松韩版拼接连衣裙女夏荷叶边裙慵懒风pp home裙子显瘦,199,1,AW1391_2,颜色分类：拼色;尺码：M,null,null,卖家已发货，等待买家确认,AW1391_2
206275438960529131,2018新款韩版极简主义名媛连衣裙慵懒风裙子女夏温柔裙超仙显瘦,189,1,AW1394_1,颜色分类：花色;尺码：S,null,null,卖家已发货，等待买家确认,AW1394_1
205985104764749800,裤子2018新款女夏韩版休闲裤薄款哈伦裤宽松直筒高腰裤子长裤小脚,228,1,AW1463_2,颜色分类：米白色;尺寸：M,null,null,卖家已发货，等待买家确认,AW1463_2
205985104764749800,2018新款宽松荷叶袖女娃娃衫上衣蓬蓬夏洋气小衫露背心机设计衬衫,238,1,AW1455_1,颜色分类：卡其+白;尺码：S,null,null,卖家已发货，等待买家确认,AW1455_1
204878557379023859,格子小西装外套女韩版2018秋装新款休闲中长款长袖chic西服短款,387,1,AW809_2,颜色分类：格子;尺码：M,null,亲 帮我选好点儿的哟！十分感谢！,卖家已发货，等待买家确认,AW809_2
206462927407604632,拼接条纹小西装外套女港味复古chic小香风西服休闲韩版宽松薄款,258,1,AW1474_2,颜色分类：\白;尺码：M,null,null,卖家已发货，等待买家确认,AW1474_2
204880880190805149,2018夏新款法式复古黑色连衣裙女宽松极简主义慵懒风chic长裙子,285,1,AW1309_1,颜色分类：黑色;尺码：S,null,null,卖家已发货，等待买家确认,AW1309_1
204880880190805149,条纹V领连衣裙长裙女装夏2018新款高腰显瘦荷叶边a字裙慵懒风裙子,265,1,AW1337_1,颜色分类：明黄色;尺码：S,null,null,卖家已发货，等待买家确认,AW1337_1
204880880190805149,2018新款夏丝感碎花连衣裙女中长款宽松大摆裙pphome裙子文艺超仙,268,1,AW1242_1,颜色分类：花色;尺码：S,null,null,卖家已发货，等待买家确认,AW1242_1
206248446682691120,白色衬衫女2018秋季新款宽松港味长袖恶魔衬衣bf风chic早秋衬衫,228,1,AW1489_2,颜色分类：白色;尺码：M,null,null,卖家已发货，等待买家确认,AW1489_2
206248446682691120,木耳荷叶边连衣裙秋装2018新款宽松港味气质中长款chic衬衫女裙子,288,1,AW1483_2,颜色分类：锈红色[活动价229提前享];尺码：M,null,null,卖家已发货，等待买家确认,AW1483_2
206248446682691120,2018春秋港风樱田川岛外套女ins假两件飞行员夹克棒球服港味上衣,888,1,AW1132_2,颜色分类：焦糖色;尺码：M,null,null,卖家已发货，等待买家确认,AW1132_2
206079521933160333,2018春秋季新款白色衬衫女chic长袖韩版学生上衣百搭宽松打底衬衣,245,1,AW396,颜色分类：白色;尺码：均码,null,null,卖家已发货，等待买家确认,AW396
204860776412071855,2018新款宽松蕾丝拼接条纹衬衫裙女夏慵懒风裙子极简主义 连衣裙,258,1,AW1388_1,颜色分类：黄白条;尺码：S,null,null,卖家已发货，等待买家确认,AW1388_1
206439071568286713,2018新款宽松韩版拼接连衣裙女夏荷叶边裙慵懒风pp home裙子显瘦,199,1,AW1391_2,颜色分类：拼色;尺码：M,null,null,卖家已发货，等待买家确认,AW1391_2
206077505212940520,2018春秋季新款白色衬衫女chic长袖韩版学生上衣百搭宽松打底衬衣,245,1,AW396,颜色分类：白色;尺码：均码,null,null,卖家已发货，等待买家确认,AW396
204838041658403457,2018夏新款宽松港味复古连衣裙ins超火慵懒风pp home裙子韩版女装,298,1,AW1400_2,颜色分类：白色[送打底吊带];尺码：M,null,null,卖家已发货，等待买家确认,AW1400_2
204838041658403457,2018新款极简主义连衣裙女中长款慵懒风休闲chic复古鱼尾裙子港味,258,1,AW1390_2,颜色分类：拼色;尺码：M,null,null,卖家已发货，等待买家确认,AW1390_2
204838041658403457,夏2018新款长款宽松大t恤女短袖下衣失踪中长款樱田川岛过膝裙,179,1,AW1300_2,主要颜色：拼色;尺码：M,null,null,卖家已发货，等待买家确认,AW1300_2
204829697642806661,港味复古连衣裙女2018新款收腰长裙慵懒风pp home裙子夏极简主义,218,1,AW1399_1,颜色分类：印花;尺码：S,null,null,卖家已发货，等待买家确认,AW1399_1
204747742609914073,2018新款极简主义连衣裙女中长款慵懒风休闲chic复古鱼尾裙子港味,258,1,AW1390_2,颜色分类：拼色;尺码：M,null,null,卖家已发货，等待买家确认,AW1390_2
204739118552384881,春秋风衣女秋季2018新款韩版学历外套宽松中长款chic休闲lulu外套,508.5,1,AW1165_1,颜色分类：拼色;尺码：S,null,null,卖家已发货，等待买家确认,AW1165_1
204815864299014885,拼色竖条纹针织衫女套头秋冬新款韩版宽松显瘦长袖原宿风打底毛衣,283.5,1,AW822_1,颜色分类：酒红色;尺码：S,null,null,卖家已发货，等待买家确认,AW822_1
204835019800018380,复古印花连衣裙女夏2018新款宽松中长款 i miss裙收腰遮肚子裙子,258,1,AW1435_2,颜色分类：印花蓝;尺码：M,null,null,卖家已发货，等待买家确认,AW1435_2
206182954469911137,2018新款韩版极简主义名媛连衣裙慵懒风裙子女夏温柔裙超仙显瘦,189,1,AW1394_2,颜色分类：花色;尺码：M,null,null,卖家已发货，等待买家确认,AW1394_2
204711454580871484,彩色条纹针织衫女2018秋新款宽松长袖喇叭袖套头上衣chic罩衫毛衣,228,1,AW1497_2,颜色分类：彩色条纹;尺码：M,null,null,卖家已发货，等待买家确认,AW1497_2
205888672697104035,秋季新款英伦风毛呢格子小西装外套女中长款韩版宽松休闲chic西服,387,1,AW809_1,颜色分类：格子;尺码：S,null,null,卖家已发货，等待买家确认,AW809_1
205888672697104035,原宿风格纹撞色马甲女2018新款秋冬韩版宽松小香风背心坎肩外套,328,1,AW1468_1,颜色分类：花色;尺码：S,null,null,卖家已发货，等待买家确认,AW1468_1
205888672697104035,白色衬衫女2018秋季新款宽松港味长袖恶魔衬衣bf风chic早秋衬衫,228,1,AW1489_1,颜色分类：白色;尺码：S,null,null,卖家已发货，等待买家确认,AW1489_1
204777224843315369,学院风格子拼接风衣女2018秋季新款港味复古chic外套宽松中长款,268,1,AW1473_1,颜色分类：拼色;尺码：S,null,null,卖家已发货，等待买家确认,AW1473_1
204777224843315369,2018秋季新款直筒裤韩版宽松格子裤女休闲裤高腰阔腿裤显瘦哈伦裤,229,1,AW1490_2,颜色分类：灰格子;尺寸：M,null,null,交易关闭,AW1490_2
175929209961836995,店主很红夏季条纹白衬衫女bf宽松中长款娃娃衫防晒衣衬衣上衣蓬蓬,342,1,AW1207_2,颜色分类：白色;尺码：M,null,null,卖家已发货，等待买家确认,AW1207_2
175929209961836995,秋季新款英伦风毛呢格子小西装外套女中长款韩版宽松休闲chic西服,387,1,AW809_2,颜色分类：格子;尺码：M,null,null,卖家已发货，等待买家确认,AW809_2
204729764571311767,2018秋季新款chic早秋衬衫女韩范长袖复古波点条纹衬衣学院风上衣,199,1,AW1479_2,颜色分类：黑白;尺码：M,null,null,卖家已发货，等待买家确认,AW1479_2
204768939948774272,连帽卫衣女2018秋装新款韩版宽松长袖中长款慵懒风pp home外套潮,239,1,AW1469_2,颜色分类：印花;尺码：M,null,null,卖家已发货，等待买家确认,AW1469_2
205836620625988106,2018春秋樱田川岛外套女宽松假两件ins夹克棒球服上衣怪味少女,418.5,1,AW1179_2,颜色分类：黑白;尺码：M,null,null,卖家已发货，等待买家确认,AW1179_2
206124882578304315,重工刺绣连衣裙女夏2018新款宽松中长款蕾丝冷淡风仙女裙子超仙,268,1,AW1291_1,颜色分类：卡其色;尺码：S,null,null,卖家已发货，等待买家确认,AW1291_1
206124882578304315,半身裙夏女2018新款解构撞色百褶A字裙宽松气质拼色ins超火的裙子,226,1,AW1272_2,颜色分类：拼色;尺码：M,null,null,卖家已发货，等待买家确认,AW1272_2
206124882578304315,蓝色复古牛仔裤女宽松直筒chic韩风裤子高腰阔腿裤潮九分裤,253.5,1,AW1210_1,颜色分类：蓝色;尺寸：S,null,null,交易关闭,AW1210_1
206325167934947434,2018新款chic早秋拼接格纹衬衫女中长款韩版宽松长袖衫原宿慵懒风,888,1,AW1094_2,颜色分类：蓝色;尺码：M,null,null,卖家已发货，等待买家确认,AW1094_2
204753483443383950,蓝色刺绣短袖宽松棉麻连衣裙女夏季2018新款中长款慵懒风裙极简,288,1,AW1302_1,颜色分类：蓝色;尺码：S,null,null,卖家已发货，等待买家确认,AW1302_1
204753483443383950,2018新款鱼尾连衣裙女夏宽松中长款慵懒风裙子 i miss裙超仙甜美,248,1,AW1446_1,颜色分类：桔色;尺码：S,null,null,卖家已发货，等待买家确认,AW1446_1
206320491592757700,条纹连衣裙女夏2018新款宽松中长款鱼尾裙慵懒风裙子极简主义长裙,288,1,AW1444_2,颜色分类：蓝白;尺码：M,null,检查好质量款式问题快速发货谢谢,卖家已发货，等待买家确认,AW1444_2
204737607546714465,白色衬衫洋气小衫女夏韩版荷叶边娃娃衫波点雪纺上衣chic蓬蓬衬衣,239,1,AW1448_1,颜色分类：蓝波点[波点位置随机];尺码：S,null,null,卖家已发货，等待买家确认,AW1448_1
205938849003297618,店主很红春秋新款韩版红色风衣女中长款薄款外套大衣春秋lulu英伦,493.5,1,AW529_1,颜色分类：红色;尺码：S,null,null,卖家已发货，等待买家确认,AW529_1
204651169461354967,原宿风格纹撞色马甲女2018新款秋冬韩版宽松小香风背心坎肩外套,328,1,AW1468_1,颜色分类：花色;尺码：S,null,null,卖家已发货，等待买家确认,AW1468_1
204644421949526044,2018夏新款宽松港味复古连衣裙ins超火慵懒风pp home裙子韩版女装,298,1,AW1400_1,颜色分类：白色[送打底吊带];尺码：S,null,null,卖家已发货，等待买家确认,AW1400_1
205922553835676211,卡其色风衣女中长款秋季2018新款韩版宽松lulu风衣外套港风chic,288,1,AW1471_2,颜色分类：卡其;尺码：M,null,null,卖家已发货，等待买家确认,AW1471_2
205782328116221023,2018新款张韶涵明星同款民族风印花连体裤宽松女夏阔腿裤薄款短裤,248,1,AW1377_2,颜色分类：印花;尺寸：M,null,null,卖家已发货，等待买家确认,AW1377_2
205782328116221023,港味极简主义连衣裙夏2018新款宽松冷淡风中长款裙子女慵懒风chic,269,1,AW1344_2,颜色分类：印花;尺码：M,null,null,卖家已发货，等待买家确认,AW1344_2
204630813884253974,2018秋装新款韩版复古休闲萝卜裤运动九分小脚裤铅笔裤长裤女韩国,252,1,AW1068_4,颜色分类：蓝色;尺寸：M,null,null,卖家已发货，等待买家确认,AW1068_4
204630813884253974,白色衬衫女2018秋季新款宽松港味长袖恶魔衬衣bf风chic早秋衬衫,228,1,AW1489_2,颜色分类：白色;尺码：M,null,null,卖家已发货，等待买家确认,AW1489_2
204565854926065956,裙子女夏2018新款pp home心机设计感T恤裙sukol裙连衣裙小清新,199,1,AW1406_2,颜色分类：黑白色;尺码：M,null,null,卖家已发货，等待买家确认,AW1406_2
204644308277675984,2018秋季新款高腰条纹棉麻亚麻阔腿裤女港味ins超火的ulzzang裤子,248,1,AW1215_1,颜色分类：条纹;尺寸：S,null,null,卖家已发货，等待买家确认,AW1215_1
204614965673976888,2018春秋季新款白色衬衫女chic长袖韩版学生上衣百搭宽松打底衬衣,245,1,AW396,颜色分类：白色;尺码：均码,null,null,卖家已发货，等待买家确认,AW396
204614965673976888,白色衬衫女2018秋季新款宽松港味长袖恶魔衬衣bf风chic早秋衬衫,228,1,AW1489_1,颜色分类：白色;尺码：S,null,null,买家已付款，等待卖家发货,AW1489_1
206060370324081624,几何撞色极简主义POLO连衣裙女2018夏新款小清新裙子冷淡风衬衫裙,188,1,AW1385_2,颜色分类：印花;尺码：M,null,null,卖家已发货，等待买家确认,AW1385_2
206060370324081624,港风牛仔外套女红色复古秋季韩版bf原宿宽松樱田川岛外套chic潮,258,1,AW1482_2,颜色分类：红色;尺码：M,null,null,卖家已发货，等待买家确认,AW1482_2
206060370324081624,复古连衣裙夏装宽松2018新款中长款慵懒风裙子温柔i miss裙超仙女,246,1,AW1338_2,颜色分类：白色;尺码：M,null,null,卖家已发货，等待买家确认,AW1338_2
206060370324081624,原宿风格纹撞色马甲女2018新款秋冬韩版宽松小香风背心坎肩外套,328,1,AW1468_2,颜色分类：花色;尺码：M,null,null,卖家已发货，等待买家确认,AW1468_2
205762196685917303,蓝色连帽卫衣女2018新款长袖韩版宽松pp home外套秋季慵懒风薄款,198,1,AW1481_1,颜色分类：蓝色;尺码：S,null,null,卖家已发货，等待买家确认,AW1481_1
205762196685917303,原宿风牛仔外套女长袖2018秋新款宽松bf风樱田川岛外套假两件港风,258,1,AW1502_1,颜色分类：蓝白;尺码：S,null,null,买家已付款，等待卖家发货,AW1502_1
206252647806167220,店主很红春秋新款韩版红色风衣女中长款薄款外套大衣春秋lulu英伦,493.5,1,AW529_3,颜色分类：红色;尺码：XS,null,null,卖家已发货，等待买家确认,AW529_3
206246263852722633,2018春秋樱田川岛外套女宽松假两件ins夹克棒球服上衣怪味少女,418.5,1,AW1179_2,颜色分类：黑白;尺码：M,null,null,卖家已发货，等待买家确认,AW1179_2
205883577982067702,2018秋季新款收腰小西装女韩版中长款chic休闲韩国港味复古外套,888,1,AW1140_1,颜色分类：黑色;尺码：S,null,null,卖家已发货，等待买家确认,AW1140_1
204507082492395857,拼接条纹小西装外套女港味复古chic小香风西服休闲韩版宽松薄款,258,1,AW1474_1,颜色分类：\白;尺码：S,null,null,交易关闭,AW1474_1
204507082492395857,2018春秋港风樱田川岛外套女ins假两件飞行员夹克棒球服港味上衣,888,1,AW1132_1,颜色分类：焦糖色;尺码：S,null,null,交易关闭,AW1132_1
204507082492395857,白衬衫女2018早秋新款长袖宽松ins超火的衬衣心机chic上衣设计感,253.5,1,AW1055_1,颜色分类：白色;尺码：S,null,null,卖家已发货，等待买家确认,AW1055_1
204507082492395857,白色衬衫女长袖2018秋新款宽松韩版中长款chic早秋上衣慵懒风港味,268,1,AW1501_1,颜色分类：黑白色;尺码：S,null,null,卖家已发货，等待买家确认,AW1501_1
204507082492395857,春秋风衣女秋季2018新款韩版学历外套宽松中长款chic休闲lulu外套,508.5,1,AW1165_1,颜色分类：拼色;尺码：S,null,null,卖家已发货，等待买家确认,AW1165_1
205861457752559008,格子小西装外套女韩版2018秋装新款休闲中长款长袖chic西服短款,387,1,AW809_1,颜色分类：格子;尺码：S,null,null,卖家已发货，等待买家确认,AW809_1
206008766352213325,拼接条纹小西装外套女港味复古chic小香风西服休闲韩版宽松薄款,258,1,AW1474_1,颜色分类：\白;尺码：S,null,null,卖家已发货，等待买家确认,AW1474_1
204560532564499745,2018春装新款原宿格子流苏外套女短款上衣百搭休闲宽松小香风外套,888,1,AW1092_1,颜色分类：格子;尺码：S,null,null,卖家已发货，等待买家确认,AW1092_1
204517469490200565,原宿风白衬衫女长袖宽松韩版学生百搭bf风中长款连衣裙衬衣裙欧货,298.5,1,AW791_1,颜色分类：白色;尺码：S,null,null,卖家已发货，等待买家确认,AW791_1
204517469490200565,店主很红春秋新款韩版红色风衣女中长款薄款外套大衣春秋lulu英伦,493.5,1,AW529_1,颜色分类：红色;尺码：S,null,null,卖家已发货，等待买家确认,AW529_1
205819457230581121,2018秋季新款港味休闲时尚套装宽松韩版慵懒风针织网红两件套气质,308,1,AW1475_2,颜色分类：藏青色;尺码：M,null,null,卖家已发货，等待买家确认,AW1475_2
205819457230581121,格子套装女2018新款秋季韩版宽松慵懒风针织毛衣开衫两件套港味,408,1,AW1492_2,颜色分类：红白;尺码：M,null,null,买家已付款，等待卖家发货,AW1492_2
205970994764739924,2018新款chic早秋拼接格纹衬衫女中长款韩版宽松长袖衫原宿慵懒风,888,1,AW1094_1,颜色分类：蓝色;尺码：S,null,null,卖家已发货，等待买家确认,AW1094_1
205970994764739924,2018秋季新款中长款宽松条纹衬衫女chic早秋上衣港味长袖原宿风,258,1,AW1477_1,颜色分类：拼色条纹;尺码：S,null,null,交易关闭,AW1477_1
205970994764739924,白色衬衫洋气小衫女夏韩版荷叶边娃娃衫波点雪纺上衣chic蓬蓬衬衣,239,1,AW1448_1,颜色分类：蓝波点[波点位置随机];尺码：S,null,null,交易关闭,AW1448_1
204428206467654183,冷淡风连衣裙女2018新款宽松慵懒风pp home裙子夏港味复古长裙,219,1,AW1405_1,颜色分类：黑白色;尺码：S,null,null,买家已付款，等待卖家发货,AW1405_1
204428206467654183,港味极简主义连衣裙夏2018新款宽松冷淡风中长款裙子女慵懒风chic,269,1,AW1344_1,颜色分类：印花;尺码：S,null,null,卖家已发货，等待买家确认,AW1344_1
204416502377212894,原宿风格纹撞色马甲女2018新款秋冬韩版宽松小香风背心坎肩外套,328,1,AW1468_1,颜色分类：花色;尺码：S,null,null,卖家已发货，等待买家确认,AW1468_1
204501676202305156,白色衬衫洋气小衫女夏韩版荷叶边娃娃衫波点雪纺上衣chic蓬蓬衬衣,239,1,AW1448_2,颜色分类：蓝波点[波点位置随机];尺码：M,null,null,卖家已发货，等待买家确认,AW1448_2
205952318843455600,原宿风卫衣女2018秋季新款长袖慵懒风韩版宽松pp home卫衣薄款bf,188,1,AW1504_1,颜色分类：红白;尺码：S,null,null,卖家已发货，等待买家确认,AW1504_1
205952318843455600,黑色半身裙女2018秋季新款宽松不规则裙chic短裙高腰a字裙复古潮,198,1,AW1503_2,颜色分类：黑色;尺码：M,null,null,交易关闭,AW1503_2
204386710805578581,原宿风格纹撞色马甲女2018新款秋冬韩版宽松小香风背心坎肩外套,328,1,AW1468_2,颜色分类：花色;尺码：M,null,null,卖家已发货，等待买家确认,AW1468_2
205637568837843221,2018新款韩版极简主义名媛连衣裙慵懒风裙子女夏温柔裙超仙显瘦,189,1,AW1394_2,颜色分类：花色;尺码：M,null,null,卖家已发货，等待买家确认,AW1394_2
205638184216643331,2018春秋樱田川岛外套女宽松假两件ins夹克棒球服上衣怪味少女,418.5,1,AW1179_2,颜色分类：黑白;尺码：M,null,null,卖家已发货，等待买家确认,AW1179_2
205635468356445428,学院风v领宽松针织衫毛衣马甲女背心短款学生2018春装新款韩版,342,1,AW1086_2,颜色分类：拼色;尺码：M,null,null,卖家已发货，等待买家确认,AW1086_2
204366102867294779,港味极简主义连衣裙夏2018新款宽松冷淡风中长款裙子女慵懒风chic,269,1,AW1344_1,颜色分类：印花;尺码：S,null,null,卖家已发货，等待买家确认,AW1344_1
204473455067082050,原宿风格纹撞色马甲女2018新款秋冬韩版宽松小香风背心坎肩外套,328,1,AW1468_2,颜色分类：花色;尺码：M,null,null,卖家已发货，等待买家确认,AW1468_2
204473455067082050,黑白波点衬衫女洋气小衫港风衬衣2018新款秋季女上衣娃娃衫chic,198,1,AW1484_2,颜色分类：黑白波点;尺码：M,null,null,交易关闭,AW1484_2
204473455067082050,毛衣针织开衫外套女2018秋季新款韩版宽松chic罩衫外搭复古上衣,235,1,AW1494_2,颜色分类：红蓝格;尺码：M,null,null,卖家已发货，等待买家确认,AW1494_2
204473455067082050,格纹荷叶边衬衫女2018新款小清新娃娃衫宽松衬衣夏薄款防晒上衣,199,1,AW1380_2,颜色分类：黄蓝格;尺码：M,null,null,卖家已发货，等待买家确认,AW1380_2
205612816742453728,港风牛仔外套女红色复古秋季韩版bf原宿宽松樱田川岛外套chic潮,258,1,AW1482_1,颜色分类：红色;尺码：S,null,null,卖家已发货，等待买家确认,AW1482_1
175958636807970198,裤子2018新款女夏韩版休闲裤薄款哈伦裤宽松直筒高腰裤子长裤小脚,228,1,AW1463_2,颜色分类：米白色;尺寸：M,null,null,卖家已发货，等待买家确认,AW1463_2
204458951769262977,格子小西装外套女韩版2018秋装新款休闲中长款长袖chic西服短款,387,1,AW809_1,颜色分类：格子;尺码：S,null,null,卖家已发货，等待买家确认,AW809_1
206094587474966308,2018秋装新款韩版复古休闲萝卜裤运动九分小脚裤铅笔裤长裤女韩国,252,1,AW1068_4,颜色分类：蓝色;尺寸：M,null,null,卖家已发货，等待买家确认,AW1068_4
205599796059371336,2018春秋樱田川岛外套女宽松假两件ins夹克棒球服上衣怪味少女,418.5,1,AW1179_2,颜色分类：黑白;尺码：M,null,null,卖家已发货，等待买家确认,AW1179_2
205599796059371336,拼接条纹衬衫女韩版宽松chic早秋长款前短后长上衣港味长袖衬衣潮,229,1,AW1500_2,颜色分类：藏青白;尺码：M,null,null,买家已付款，等待卖家发货,AW1500_2
205599796059371336,学院风格子拼接风衣女2018秋季新款港味复古chic外套宽松中长款,268,1,AW1473_2,颜色分类：拼色;尺码：M,null,null,卖家已发货，等待买家确认,AW1473_2
205892678111249904,秋季新款英伦风毛呢格子小西装外套女中长款韩版宽松休闲chic西服,387,1,AW809_1,颜色分类：格子;尺码：S,null,null,卖家已发货，等待买家确认,AW809_1
205891334538563038,春秋风衣女秋季2018新款韩版学历外套宽松中长款chic休闲lulu外套,508.5,1,AW1165_1,颜色分类：拼色;尺码：S,null,null,卖家已发货，等待买家确认,AW1165_1
205723221188136632,拼接连衣裙女夏季2018新款宽松V领荷叶边裙pp home裙子慵懒风裙子,189,1,AW1379_1,颜色分类：印花;尺码：S,null,null,卖家已发货，等待买家确认,AW1379_1
204427115263840245,2018夏新款宽松港味复古连衣裙ins超火慵懒风pp home裙子韩版女装,298,1,AW1400_1,颜色分类：白色[送打底吊带];尺码：S,null,null,卖家已发货，等待买家确认,AW1400_1
204427115263840245,裙子女夏2018新款pp home心机设计感T恤裙sukol裙连衣裙小清新,199,1,AW1406_1,颜色分类：黑白色;尺码：S,null,null,卖家已发货，等待买家确认,AW1406_1
175896169701239299,格子小西装外套女韩版2018秋装新款休闲中长款长袖chic西服短款,387,1,AW809_2,颜色分类：格子;尺码：M,null,null,卖家已发货，等待买家确认,AW809_2
204297026090490879,2018新款学院风娃娃领连衣裙女韩版宽松慵懒风裙夏褶皱裙复古,229,1,AW1398_1,颜色分类：蓝色;尺码：S,null,null,卖家已发货，等待买家确认,AW1398_1
204297026090490879,裙子女夏2018新款pp home心机设计感T恤裙sukol裙连衣裙小清新,199,1,AW1406_1,颜色分类：黑白色;尺码：S,null,null,卖家已发货，等待买家确认,AW1406_1
204415607292705667,2018新款极简主义连衣裙女中长款慵懒风休闲chic复古鱼尾裙子港味,258,1,AW1390_2,颜色分类：拼色;尺码：M,null,null,卖家已发货，等待买家确认,AW1390_2
204415607292705667,2018夏新款宽松港味复古连衣裙ins超火慵懒风pp home裙子韩版女装,298,1,AW1400_2,颜色分类：白色[送打底吊带];尺码：M,null,null,卖家已发货，等待买家确认,AW1400_2
204413339563978573,睡衣风家居服2018新款夏印花开衫短裤女套装宽松韩版春秋季两件套,285,1,AW1422_2,颜色分类：印花;尺码：M,null,null,交易关闭,AW1422_2
204413339563978573,秋季新款英伦风毛呢格子小西装外套女中长款韩版宽松休闲chic西服,387,1,AW809_1,颜色分类：格子;尺码：S,null,null,卖家已发货，等待买家确认,AW809_1
205701101873538603,2018春秋樱田川岛外套女宽松假两件ins夹克棒球服上衣怪味少女,418.5,1,AW1179_2,颜色分类：黑白;尺码：M,null,null,卖家已发货，等待买家确认,AW1179_2
205695641428737232,pphome裙18吊带背带连衣裙女2018夏装新款宽松复古长裙子中长款夏,240,1,AW301,颜色分类：绿色;尺码：均码,null,null,卖家已发货，等待买家确认,AW301
204265218860394662,春秋风衣女秋季2018新款韩版学历外套宽松中长款chic休闲lulu外套,508.5,1,AW1165_1,颜色分类：拼色;尺码：S,null,null,卖家已发货，等待买家确认,AW1165_1
205841186364376214,白衬衫女2018早秋新款长袖宽松ins超火的衬衣心机chic上衣设计感,253.5,1,AW1055_1,颜色分类：白色;尺码：S,null,null,卖家已发货，等待买家确认,AW1055_1
205839114018257513,2018秋新款韩版宽松中长款早秋衬衫裙慵懒风chic上衣港味长袖外套,269,1,AW1506_2,颜色分类：肉桂色;尺码：M,null,null,卖家已发货，等待买家确认,AW1506_2
175998594394826698,2018春秋季新款卫衣女学生宽松运动上衣红色嘻哈少女外套街头bf风,888,1,AW1099_2,颜色分类：红黑色;尺码：M,null,null,卖家已发货，等待买家确认,AW1099_2
175998594394826698,原宿风工装外套女韩版港风复古chic宽松欧美嘻哈风衣学生棒球服bf,387,1,AW798_2,颜色分类：拼色;尺码：M,null,null,卖家已发货，等待买家确认,AW798_2
175998594394826698,2018秋季新款宽松韩版长袖套头毛衣女慵懒风chic针织衫外套上衣,258,1,AW1496_2,颜色分类：黄色;尺码：M,null,null,卖家已发货，等待买家确认,AW1496_2
204319173124807444,春秋风衣女秋季2018新款韩版学历外套宽松中长款chic休闲lulu外套,508.5,1,AW1165_1,颜色分类：拼色;尺码：S,null,null,卖家已发货，等待买家确认,AW1165_1
205536600433393012,裙子女夏2018新款pp home心机设计感T恤裙sukol裙连衣裙小清新,199,1,AW1406_2,颜色分类：黑白色;尺码：M,null,null,卖家已发货，等待买家确认,AW1406_2
206031027019224230,2018新款韩版chic早秋上衣慵懒风长袖印花T恤宽松hip-hop衣服女,155,1,AW1487_2,主要颜色：亮黄色;尺码：M,null,null,卖家已发货，等待买家确认,AW1487_2
206031027019224230,牛仔外套女秋韩版宽松2018新款工装樱田川岛外套怪味少女上衣长袖,388,1,AW1505_2,颜色分类：双色蓝;尺码：M,null,null,卖家已发货，等待买家确认,AW1505_2
205832366652691534,民族风情撞色拼接连衣裙女宽松中长款长裙慵懒风裙子极简夏新款,218,1,AW1315_2,颜色分类：拼色;尺码：M,null,null,卖家已发货，等待买家确认,AW1315_2
205832366652691534,黑白波点衬衫女洋气小衫港风衬衣2018新款秋季女上衣娃娃衫chic,198,1,AW1484_2,颜色分类：黑白波点;尺码：M,null,null,交易关闭,AW1484_2
205832366652691534,红蓝条纹短袖T恤女宽松网红衣服街拍款韩范个性ins超火的上衣,168,1,AW1320_1,主要颜色：拼色;尺码：S,null,null,卖家已发货，等待买家确认,AW1320_1
204308421532348441,2018秋季新款韩版宽松英伦格子拼接风衣女港风外套过膝长款风衣,288,1,AW1472_2,颜色分类：拼色;尺码：M,null,null,卖家已发货，等待买家确认,AW1472_2
204320740117886575,格子套装女2018新款秋季韩版宽松慵懒风针织毛衣开衫两件套港味,408,1,AW1492_2,颜色分类：红白;尺码：M,null,null,买家已付款，等待卖家发货,AW1492_2
204320740117886575,白衬衫女2018早秋新款长袖宽松ins超火的衬衣心机chic上衣设计感,253.5,1,AW1055_2,颜色分类：白色;尺码：M,null,null,卖家已发货，等待买家确认,AW1055_2
204361595559646446,彩色条纹针织衫女2018秋新款宽松长袖喇叭袖套头上衣chic罩衫毛衣,228,1,AW1497_2,颜色分类：彩色条纹;尺码：M,null,null,卖家已发货，等待买家确认,AW1497_2
204361595559646446,黑白波点衬衫女洋气小衫港风衬衣2018新款秋季女上衣娃娃衫chic,198,1,AW1484_2,颜色分类：黑白波点;尺码：M,null,null,交易关闭,AW1484_2
204361595559646446,白色衬衫女2018秋季新款宽松港味长袖恶魔衬衣bf风chic早秋衬衫,228,1,AW1489_2,颜色分类：白色;尺码：M,null,null,交易关闭,AW1489_2
204361595559646446,2018秋季新款chic早秋衬衫女韩范长袖复古波点条纹衬衣学院风上衣,199,1,AW1479_2,颜色分类：黑白;尺码：M,null,null,交易关闭,AW1479_2
205524896933398428,裙子女夏2018新款pp home心机设计感T恤裙sukol裙连衣裙小清新,199,1,AW1406_1,颜色分类：黑白色;尺码：S,null,null,卖家已发货，等待买家确认,AW1406_1
205662013147659115,2018春秋新款韩版开学季chic外套女宽松百搭中长款棒球服学生港味,448.5,1,AW1051_1,颜色分类：拼色;尺码：S,null,null,卖家已发货，等待买家确认,AW1051_1
205662013147659115,2018春秋新款白色刺绣ins牛仔外套女宽松韩版bf原宿风夹克牛仔衣,508.5,1,AW1145_1,颜色分类：白色;尺码：S,null,null,卖家已发货，等待买家确认,AW1145_1
205662013147659115,2018秋季新款港味休闲时尚套装宽松韩版慵懒风针织网红两件套气质,308,1,AW1475_1,颜色分类：藏青色;尺码：S,null,null,卖家已发货，等待买家确认,AW1475_1
205662013147659115,2018春秋樱田川岛外套女宽松假两件ins夹克棒球服上衣怪味少女,418.5,1,AW1179_1,颜色分类：黑白;尺码：S,null,null,卖家已发货，等待买家确认,AW1179_1
205662013147659115,2018秋冬新款赫本红色毛呢外套女复古大衣收腰呢子中长款过膝韩国,598.5,1,AW411_1,颜色分类：铁秀红;尺码：S,null,null,卖家已发货，等待买家确认,AW411_1
205662013147659115,白色连衣裙女夏2018新款宽松中长款长裙慵懒风chic裙子极简主义,268,1,AW1330_2,颜色分类：白色;尺码：M,null,null,卖家已发货，等待买家确认,AW1330_2
205662013147659115,卡其色宽松休闲直筒裤春季2018新款韩版阔腿裤原宿风打底裤女裤子,463.5,1,AW1185_2,颜色分类：卡其色;尺寸：M,null,null,卖家已发货，等待买家确认,AW1185_2
205662013147659115,风衣女中长款韩版春季2018新款三色撞色拼接公路风衣chic外套lulu,507,1,AW1167_2,颜色分类：拼色;尺码：M,null,null,卖家已发货，等待买家确认,AW1167_2
205662013147659115,阳光小香风流苏马甲女春秋中长款韩版2018新款宽松坎肩背心马夹,462,1,AW1149_2,颜色分类：浅黄色;尺码：M,null,null,卖家已发货，等待买家确认,AW1149_2
205662013147659115,拼接条纹衬衫女韩版宽松chic早秋长款前短后长上衣港味长袖衬衣潮,229,1,AW1500_2,颜色分类：藏青白;尺码：M,null,null,买家已付款，等待卖家发货,AW1500_2
205662013147659115,2018春秋新款韩版BF风中长款春装复古港风牛仔衣外套女宽松潮风衣,396,1,AW036,颜色分类：蓝色;尺码：均码,null,null,买家已付款，等待卖家发货,AW036
205524280762999805,花苞短裤女夏2018新款宽松热裤高腰阔腿裤薄款哈伦裤裤子显瘦裤裙,198,1,AW1458_2,颜色分类：蓝色;尺寸：M,null,null,卖家已发货，等待买家确认,AW1458_2
205524280762999805,白色衬衫洋气小衫女夏韩版荷叶边娃娃衫波点雪纺上衣chic蓬蓬衬衣,239,1,AW1448_2,颜色分类：蓝波点[波点位置随机];尺码：M,null,null,卖家已发货，等待买家确认,AW1448_2
204354903210592447,藏青红撞色拼接运动风POLO衫宽松短袖T恤女2018夏新款hiphop衣服,208,1,AW1322_2,主要颜色：拼色;尺码：M,null,null,卖家已发货，等待买家确认,AW1322_2
204227642410977753,港味复古破洞牛仔裤女秋冬季新款韩版直筒乞丐裤宽松铅笔裤九分裤,269,1,AW829_2,颜色分类：牛仔蓝;尺寸：M,null,null,交易关闭,AW829_2
204227642410977753,原宿风格纹撞色马甲女2018新款秋冬韩版宽松小香风背心坎肩外套,328,1,AW1468_2,颜色分类：花色;尺码：M,null,null,交易关闭,AW1468_2
204227642410977753,拼接条纹小西装外套女港味复古chic小香风西服休闲韩版宽松薄款,258,1,AW1474_2,颜色分类：\白;尺码：M,null,null,卖家已发货，等待买家确认,AW1474_2
205516524047144135,2018新款极简主义连衣裙女中长款慵懒风休闲chic复古鱼尾裙子港味,258,1,AW1390_2,颜色分类：拼色;尺码：M,null,null,卖家已发货，等待买家确认,AW1390_2
204278937757255155,复古连衣裙夏装宽松2018新款中长款慵懒风裙子温柔i miss裙超仙女,246,1,AW1338_1,颜色分类：白色;尺码：S,null,null,卖家已发货，等待买家确认,AW1338_1
205806746878548324,2018秋季新款条纹衬衫裙韩版宽松pp home裙子长裙港味连衣裙女,198,1,AW1485_2,颜色分类：蓝条纹;尺码：M,null,null,卖家已发货，等待买家确认,AW1485_2
204337655204443758,白色衬衫女长袖2018秋新款宽松韩版中长款chic早秋上衣慵懒风港味,268,1,AW1501_1,颜色分类：黑白色;尺码：S,null,null,卖家已发货，等待买家确认,AW1501_1
204337655204443758,白色衬衫女2018秋季新款宽松港味长袖恶魔衬衣bf风chic早秋衬衫,228,1,AW1489_1,颜色分类：白色;尺码：S,null,null,交易关闭,AW1489_1
204337655204443758,原宿风牛仔外套女长袖2018秋新款宽松bf风樱田川岛外套假两件港风,258,1,AW1502_1,颜色分类：蓝白;尺码：S,null,null,交易关闭,AW1502_1
205507116669563013,春秋风衣女秋季2018新款韩版学历外套宽松中长款chic休闲lulu外套,508.5,1,AW1165_1,颜色分类：拼色;尺码：S,null,null,卖家已发货，等待买家确认,AW1165_1
204277368137013253,红色风衣女2018春秋季新款韩版中长款工装风宽松lulu薄款外套英伦,716,1,AW015_3,颜色分类：红色[砖红];尺码：S码(S适合S-M),null,null,卖家已发货，等待买家确认,AW015_3
204277368137013253,红色风衣女2018春秋季新款韩版中长款工装风宽松lulu薄款外套英伦,716,1,AW015_4,颜色分类：黑色;尺码：S码(S适合S-M),null,null,卖家已发货，等待买家确认,AW015_4
204277368137013253,复古印花连衣裙女夏2018新款宽松中长款 i miss裙收腰遮肚子裙子,258,1,AW1435_1,颜色分类：印花蓝;尺码：S,null,null,卖家已发货，等待买家确认,AW1435_1
204196422189377052,2018春秋新款chic西装阔腿裤闺蜜装时尚俏皮社会套装女港风两件套,888,1,AW1130_1,颜色分类：天空蓝;尺码：S,null,null,卖家已发货，等待买家确认,AW1130_1
204196422189377052,秋季新款英伦风毛呢格子小西装外套女中长款韩版宽松休闲chic西服,387,1,AW809_1,颜色分类：格子;尺码：S,null,null,卖家已发货，等待买家确认,AW809_1
204196422189377052,白色衬衫女2018秋季新款宽松港味长袖恶魔衬衣bf风chic早秋衬衫,228,1,AW1489_1,颜色分类：白色;尺码：S,null,null,卖家已发货，等待买家确认,AW1489_1
205633537756115616,木耳荷叶边连衣裙秋装2018新款宽松港味气质中长款chic衬衫女裙子,288,1,AW1483_1,颜色分类：锈红色[活动价229提前享];尺码：S,null,null,卖家已发货，等待买家确认,AW1483_1
205633537756115616,原宿风格纹撞色马甲女2018新款秋冬韩版宽松小香风背心坎肩外套,328,1,AW1468_1,颜色分类：花色;尺码：S,null,null,卖家已发货，等待买家确认,AW1468_1
205633537756115616,2018秋新款韩版宽松中长款早秋衬衫裙慵懒风chic上衣港味长袖外套,269,1,AW1506_1,颜色分类：肉桂色;尺码：S,null,null,交易关闭,AW1506_1
204260793380926363,2018秋季新款韩版豆沙红风衣女中长款过膝春秋港风chic外套lulu,507,1,AW812_2,颜色分类：豆沙红;尺码：M,null,null,卖家已发货，等待买家确认,AW812_2
204260065019409281,2018秋季新款chic早秋衬衫女韩范长袖复古波点条纹衬衣学院风上衣,199,1,AW1479_2,颜色分类：黑白;尺码：M,null,null,卖家已发货，等待买家确认,AW1479_2
175993778065318698,彩色条纹针织衫女2018秋新款宽松长袖喇叭袖套头上衣chic罩衫毛衣,228,1,AW1497_2,颜色分类：彩色条纹;尺码：M,null,null,卖家已发货，等待买家确认,AW1497_2
175993778065318698,黑色皮裤女2018新款宽松韩版直筒裤高腰休闲裤显瘦帅气裤子 百搭,228,1,AW1491_2,颜色分类：黑色;尺寸：M,null,null,卖家已发货，等待买家确认,AW1491_2
205780566311269414,裙子夏黑色波点法式复古樱田川岛连衣裙女宽松中长款过膝T恤裙,228,1,AW1299_1,颜色分类：黑色;尺码：S,null,null,卖家已发货，等待买家确认,AW1299_1
204230637212374769,复古连衣裙夏装宽松2018新款中长款慵懒风裙子温柔i miss裙超仙女,246,1,AW1338_2,颜色分类：白色;尺码：M,null,null,卖家已发货，等待买家确认,AW1338_2
204230637212374769,2018新款极简主义连衣裙女中长款慵懒风休闲chic复古鱼尾裙子港味,258,1,AW1390_2,颜色分类：拼色;尺码：M,null,null,卖家已发货，等待买家确认,AW1390_2
204136866831453464,pphome裙18吊带背带连衣裙女2018夏装新款宽松复古长裙子中长款夏,240,1,AW301,颜色分类：绿色;尺码：均码,null,null,卖家已发货，等待买家确认,AW301
204136866831453464,2018新款宽松韩版拼接连衣裙女夏荷叶边裙慵懒风pp home裙子显瘦,199,1,AW1391_2,颜色分类：拼色;尺码：M,null,null,卖家已发货，等待买家确认,AW1391_2
204136866831453464,黑白波点衬衫女洋气小衫港风衬衣2018新款秋季女上衣娃娃衫chic,198,1,AW1484_2,颜色分类：黑白波点;尺码：M,null,null,卖家已发货，等待买家确认,AW1484_2
204136866831453464,拼接条纹衬衫女韩版宽松chic早秋长款前短后长上衣港味长袖衬衣潮,229,1,AW1500_1,颜色分类：藏青白;尺码：S,null,null,卖家已发货，等待买家确认,AW1500_1
205748366407333026,2018春秋樱田川岛外套女宽松假两件ins夹克棒球服上衣怪味少女,418.5,1,AW1179_2,颜色分类：黑白;尺码：M,null,null,卖家已发货，等待买家确认,AW1179_2
204202608625271784,2018秋季新款条纹衬衫裙韩版宽松pp home裙子长裙港味连衣裙女,198,1,AW1485_2,颜色分类：蓝条纹;尺码：M,null,null,卖家已发货，等待买家确认,AW1485_2
204100550770793656,拼接连衣裙女夏季2018新款宽松V领荷叶边裙pp home裙子慵懒风裙子,189,1,AW1379_2,颜色分类：印花;尺码：M,null,null,卖家已发货，等待买家确认,AW1379_2
204135492577239959,藏青色港风外套女2018春季韩版新款欧美宽松藏青色风衣中长款chic,498,1,AW394_1,颜色分类：藏青色;尺码：S,null,null,卖家已发货，等待买家确认,AW394_1
205389656806631109,港味极简主义连衣裙夏2018新款宽松冷淡风中长款裙子女慵懒风chic,269,1,AW1344_2,颜色分类：印花;尺码：M,null,null,卖家已发货，等待买家确认,AW1344_2
204150503039480282,白色连衣裙女2018秋装新款韩版宽松中长款长裙女慵懒风chic裙子,268,1,AW1486_2,颜色分类：白色;尺码：M,null,null,卖家已发货，等待买家确认,AW1486_2
204107184849921572,长款T恤裙子夏季2018新款宽松过膝连衣裙女极简主义慵懒风假两件,208,1,AW1351_2,颜色分类：白色;尺码：M,null,null,卖家已发货，等待买家确认,AW1351_2
204107184849921572,大翻领印花条纹连衣裙女夏新款宽松衬衫裙慵懒风裙子极简主义裙子,229,1,AW1378_2,颜色分类：黄蓝条;尺码：M,null,null,卖家已发货，等待买家确认,AW1378_2
204088200348643694,2018夏新款宽松港味复古连衣裙ins超火慵懒风pp home裙子韩版女装,298,1,AW1400_2,颜色分类：白色[送打底吊带];尺码：M,null,null,卖家已发货，等待买家确认,AW1400_2
204119087556365662,夏2018新款长款宽松大t恤女短袖下衣失踪中长款樱田川岛过膝裙,179,1,AW1300_1,主要颜色：拼色;尺码：S,null,null,卖家已发货，等待买家确认,AW1300_1
204119087556365662,性感连衣裙女夏2018新款宽松长裙露背裙子心机裙子设计感温柔裙,239,1,AW1403_1,颜色分类：蓝白格;尺码：S,null,null,卖家已发货，等待买家确认,AW1403_1
204114887733036768,白衬衫女2018早秋新款长袖宽松ins超火的衬衣心机chic上衣设计感,253.5,1,AW1055_1,颜色分类：白色;尺码：S,null,null,卖家已发货，等待买家确认,AW1055_1
204114887733036768,2018秋装新款韩版复古休闲萝卜裤运动九分小脚裤铅笔裤长裤女韩国,252,1,AW1068_4,颜色分类：蓝色;尺寸：M,null,null,卖家已发货，等待买家确认,AW1068_4
204034468350516769,2017秋冬新款毛衣女个性抽象色块毛衫软妹针织衫粗毛线套头衫加厚,312,1,AW925_1,颜色分类：黑色;尺码：S,null,null,卖家已发货，等待买家确认,AW925_1
203903318141102391,2018夏新款宽松港味复古连衣裙ins超火慵懒风pp home裙子韩版女装,298,1,AW1400_2,颜色分类：白色[送打底吊带];尺码：M,null,null,卖家已发货，等待买家确认,AW1400_2
205403013858460633,2018春秋樱田川岛外套女宽松假两件ins夹克棒球服上衣怪味少女,418.5,1,AW1179_2,颜色分类：黑白;尺码：M,null,null,卖家已发货，等待买家确认,AW1179_2
205403013858460633,2018秋季新款港味休闲时尚套装宽松韩版慵懒风针织网红两件套气质,308,1,AW1475_2,颜色分类：藏青色;尺码：M,null,null,卖家已发货，等待买家确认,AW1475_2
205541334537631236,港味极简主义连衣裙夏2018新款宽松冷淡风中长款裙子女慵懒风chic,269,1,AW1344_2,颜色分类：印花;尺码：M,null,null,卖家已发货，等待买家确认,AW1344_2
205718771495953237,原宿风格纹撞色马甲女2018新款秋冬韩版宽松小香风背心坎肩外套,328,1,AW1468_2,颜色分类：花色;尺码：M,null,null,卖家已发货，等待买家确认,AW1468_2
205705023522970403,民族风情撞色拼接连衣裙女宽松中长款长裙慵懒风裙子极简夏新款,218,1,AW1315_2,颜色分类：拼色;尺码：M,null,null,卖家已发货，等待买家确认,AW1315_2
205705023522970403,2018新款韩版极简主义名媛连衣裙慵懒风裙子女夏温柔裙超仙显瘦,189,1,AW1394_2,颜色分类：花色;尺码：M,null,null,卖家已发货，等待买家确认,AW1394_2
203849361295238058,白色衬衫女2018秋季新款宽松港味长袖恶魔衬衣bf风chic早秋衬衫,228,1,AW1489_1,颜色分类：白色;尺码：S,null,null,卖家已发货，等待买家确认,AW1489_1
203849361295238058,港风牛仔外套女红色复古秋季韩版bf原宿宽松樱田川岛外套chic潮,258,1,AW1482_1,颜色分类：红色;尺码：S,null,null,卖家已发货，等待买家确认,AW1482_1
203849361295238058,2018秋季新款直筒裤韩版宽松格子裤女休闲裤高腰阔腿裤显瘦哈伦裤,229,1,AW1490_1,颜色分类：灰格子;尺寸：S,null,null,买家已付款，等待卖家发货,AW1490_1
175904064448986795,性感连衣裙女夏2018新款宽松长裙露背裙子心机裙子设计感温柔裙,239,1,AW1403_2,颜色分类：蓝白格;尺码：M,null,请保证质量,卖家已发货，等待买家确认,AW1403_2
205657031033249207,春秋风衣女秋季2018新款韩版学历外套宽松中长款chic休闲lulu外套,508.5,1,AW1165_2,颜色分类：拼色;尺码：M,null,null,卖家已发货，等待买家确认,AW1165_2
203858435790625878,欧美风money印花方领连衣裙女2018新款夏宽松显瘦高腰中长款长裙,218,1,AW1314_1,颜色分类：复古绿;尺码：S,null,null,卖家已发货，等待买家确认,AW1314_1
203858071531183457,马卡龙格子睡衣女夏季套装宽松韩版棉绸薄款家居服可外穿两件套,288,1,AW1410_1,颜色分类：格子;尺码：S,null,null,卖家已发货，等待买家确认,AW1410_1
203858071531183457,格子套装女2018新款秋季韩版宽松慵懒风针织毛衣开衫两件套港味,408,1,AW1492_1,颜色分类：红白;尺码：S,null,null,交易关闭,AW1492_1
205637235447787114,春季复古温柔风小西装时髦套装女装收腰阔腿裤套装时尚两件套港风,888,1,AW1141_2,颜色分类：拉菲红;尺码：M,null,null,卖家已发货，等待买家确认,AW1141_2
175899976502507898,2018春秋季新款白色衬衫女chic长袖韩版学生上衣百搭宽松打底衬衣,245,1,AW396,颜色分类：白色;尺码：均码,null,null,卖家已发货，等待买家确认,AW396
203668146054523060,拼接连衣裙女夏季2018新款宽松V领荷叶边裙pp home裙子慵懒风裙子,189,1,AW1379_2,颜色分类：印花;尺码：M,null,null,卖家已发货，等待买家确认,AW1379_2
203668146054523060,大格子收腰连衣裙女V领黄白系带温柔裙超仙a字裙宽松娃娃裙夏新款,249,1,AW1317_2,颜色分类：桔色;尺码：M,null,null,卖家已发货，等待买家确认,AW1317_2
203736996280892052,大翻领印花条纹连衣裙女夏新款宽松衬衫裙慵懒风裙子极简主义裙子,229,1,AW1378_1,颜色分类：黄蓝条;尺码：S,null,null,卖家已发货，等待买家确认,AW1378_1
203736996280892052,2018春秋港风樱田川岛外套女ins假两件飞行员夹克棒球服港味上衣,888,1,AW1132_1,颜色分类：焦糖色;尺码：S,null,null,卖家已发货，等待买家确认,AW1132_1
203736996280892052,原宿风格纹撞色马甲女2018新款秋冬韩版宽松小香风背心坎肩外套,328,1,AW1468_1,颜色分类：花色;尺码：S,null,null,卖家已发货，等待买家确认,AW1468_1
205176157005683233,半身裙夏女2018新款解构撞色百褶A字裙宽松气质拼色ins超火的裙子,226,1,AW1272_2,颜色分类：拼色;尺码：M,null,null,卖家已发货，等待买家确认,AW1272_2
203664476101622855,毛衣外套女韩版2018秋季新款针织衫慵懒风宽松chic罩衫薄款复古,268,1,AW1495_2,颜色分类：白色;尺码：M,null,null,卖家已发货，等待买家确认,AW1495_2
203664476101622855,阔腿裤女2018新款秋季韩版运动裤女宽松直筒休闲裤百搭长裤高腰,228,1,AW1476_2,颜色分类：红色;尺寸：M,null,null,交易关闭,AW1476_2
205157453934248512,白色衬衫女长袖2018秋新款宽松韩版中长款chic早秋上衣慵懒风港味,268,1,AW1501_2,颜色分类：黑白色;尺码：M,null,null,买家已付款，等待卖家发货,AW1501_2
205157453934248512,卡其色风衣女中长款秋季2018新款韩版宽松lulu风衣外套港风chic,288,1,AW1471_2,颜色分类：卡其;尺码：M,null,null,卖家已发货，等待买家确认,AW1471_2
203609541100698162,复古印花连衣裙女夏2018新款宽松中长款 i miss裙收腰遮肚子裙子,258,1,AW1435_1,颜色分类：印花蓝;尺码：S,null,null,卖家已发货，等待买家确认,AW1435_1
203597949245888873,夏季ins超火的上衣短袖樱田川岛白色T恤女bf韩系chic中长款体恤裙,207,1,AW1178_1,主要颜色：白色;尺码：S,null,null,卖家已发货，等待买家确认,AW1178_1
203597949245888873,2018秋季新款宽松韩版长袖套头毛衣女慵懒风chic针织衫外套上衣,258,1,AW1496_1,颜色分类：黄色;尺码：S,null,null,卖家已发货，等待买家确认,AW1496_1
205119905122199502,连帽卫衣女2018秋装新款韩版宽松长袖中长款慵懒风pp home外套潮,239,1,AW1469_2,颜色分类：印花;尺码：M,null,null,卖家已发货，等待买家确认,AW1469_2
204985308121523137,春秋风衣女秋季2018新款韩版学历外套宽松中长款chic休闲lulu外套,508.5,1,AW1165_1,颜色分类：拼色;尺码：S,null,null,卖家已发货，等待买家确认,AW1165_1
203441906754678966,白色连衣裙女夏2018新款宽松中长款长裙慵懒风chic裙子极简主义,268,1,AW1330_2,颜色分类：白色;尺码：M,null,null,卖家已发货，等待买家确认,AW1330_2
203441906754678966,拼接连衣裙女夏季2018新款宽松V领荷叶边裙pp home裙子慵懒风裙子,189,1,AW1379_2,颜色分类：印花;尺码：M,null,null,卖家已发货，等待买家确认,AW1379_2
203441906754678966,裙子女夏2018新款pp home心机设计感T恤裙sukol裙连衣裙小清新,199,1,AW1406_2,颜色分类：黑白色;尺码：M,null,null,卖家已发货，等待买家确认,AW1406_2
204925612176786104,2018春季新款中长款卡其色风衣女韩版宽松收腰chic外套春秋ins,888,1,AW1138_1,颜色分类：卡其色;尺码：S,null,null,卖家已发货，等待买家确认,AW1138_1
203533803323614956,2018新款宽松蕾丝拼接条纹衬衫裙女夏慵懒风裙子极简主义 连衣裙,258,1,AW1388_2,颜色分类：黄白条;尺码：M,null,null,卖家已发货，等待买家确认,AW1388_2
203530387630297286,白色连衣裙女2018秋装新款韩版宽松中长款长裙女慵懒风chic裙子,268,1,AW1486_1,颜色分类：白色;尺码：S,null,null,卖家已发货，等待买家确认,AW1486_1
203530387630297286,黑白波点衬衫女洋气小衫港风衬衣2018新款秋季女上衣娃娃衫chic,198,1,AW1484_1,颜色分类：黑白波点;尺码：S,null,null,买家已付款，等待卖家发货,AW1484_1
203477271165455276,2018新款鱼尾连衣裙女夏宽松中长款慵懒风裙子 i miss裙超仙甜美,248,1,AW1446_2,颜色分类：桔色;尺码：M,null,null,卖家已发货，等待买家确认,AW1446_2
203468451887222340,2018春秋季新款卫衣女学生宽松运动上衣红色嘻哈少女外套街头bf风,888,1,AW1099_1,颜色分类：红黑色;尺码：S,null,中通发货,卖家已发货，等待买家确认,AW1099_1
203278890404498975,黑色皮裤女2018新款宽松韩版直筒裤高腰休闲裤显瘦帅气裤子 百搭,228,1,AW1491_1,颜色分类：黑色;尺寸：S,null,null,卖家已发货，等待买家确认,AW1491_1
203278890404498975,彩色条纹针织衫女2018秋新款宽松长袖喇叭袖套头上衣chic罩衫毛衣,228,1,AW1497_2,颜色分类：彩色条纹;尺码：M,null,null,卖家已发货，等待买家确认,AW1497_2
205270407476944625,蓝色衬衫女长袖宽松男友风条纹衬衣2018秋季新款ins超火的衬衫女,888,1,AW1123_2,颜色分类：蓝白条纹;尺码：M,null,null,卖家已发货，等待买家确认,AW1123_2
203292216295479488,2017冬季韩版新款格子毛呢大衣女中长款森系chic呢子外套韩国加厚,657,1,AW975_2,颜色分类：红蓝[现货秒发];尺码：M,null,null,卖家已发货，等待买家确认,AW975_2
203266820881444148,2018秋季新款韩版豆沙红风衣女中长款过膝春秋港风chic外套lulu,507,1,AW812_1,颜色分类：豆沙红;尺码：S,null,发货前麻烦仔细检查哦,卖家已发货，等待买家确认,AW812_1
203245316068507992,白色衬衫女2018秋季新款宽松港味长袖恶魔衬衣bf风chic早秋衬衫,228,1,AW1489_1,颜色分类：白色;尺码：S,null,null,卖家已发货，等待买家确认,AW1489_1
203245316068507992,秋季浅色大破洞牛仔裤女潮新款韩版直筒乞丐裤宽松铅笔裤九分裤,269,1,AW829_1,颜色分类：牛仔蓝;尺寸：S,null,null,交易关闭,AW829_1
203245316068507992,2018春秋季新款韩版风衣女式中长款lulu风衣chic外套外衣薄款港风,329,1,AW1135_1,颜色分类：铁锈红;尺码：S,null,null,卖家已发货，等待买家确认,AW1135_1
203127242908191147,店主很红夏季条纹白衬衫女bf宽松中长款娃娃衫防晒衣衬衣上衣蓬蓬,342,1,AW1207_1,颜色分类：白色;尺码：S,null,null,卖家已发货，等待买家确认,AW1207_1
203127242908191147,2018夏季新款破洞牛仔短裤女阔腿乞丐牛仔裤显瘦热裤宽松a字裤,158,1,AW1244_2,颜色分类：蓝色;尺寸：M,null,null,交易关闭,AW1244_2
203127242908191147,蓝色复古牛仔裤女宽松直筒chic韩风裤子高腰阔腿裤潮九分裤,253.5,1,AW1210_2,颜色分类：蓝色;尺寸：M,null,null,交易关闭,AW1210_2
203108398377310260,2018新款极简主义连衣裙女中长款慵懒风休闲chic复古鱼尾裙子港味,258,1,AW1390_2,颜色分类：拼色;尺码：M,null,null,卖家已发货，等待买家确认,AW1390_2
205168123510552203,2018春秋港风樱田川岛外套女ins假两件飞行员夹克棒球服港味上衣,888,1,AW1132_1,颜色分类：焦糖色;尺码：S,null,null,卖家已发货，等待买家确认,AW1132_1
203176325979909143,木耳荷叶边连衣裙秋装2018新款宽松港味气质中长款chic衬衫女裙子,288,1,AW1483_2,颜色分类：锈红色[活动价229提前享];尺码：M,null,null,卖家已发货，等待买家确认,AW1483_2
203176325979909143,2018秋季新款条纹衬衫裙韩版宽松pp home裙子长裙港味连衣裙女,198,1,AW1485_2,颜色分类：蓝条纹;尺码：M,null,null,卖家已发货，等待买家确认,AW1485_2
203175487451645156,2018春秋樱田川岛外套女宽松假两件ins夹克棒球服上衣怪味少女,418.5,1,AW1179_2,颜色分类：黑白;尺码：M,null,null,卖家已发货，等待买家确认,AW1179_2
205103331927376017,花苞短裤女夏2018新款宽松热裤高腰阔腿裤薄款哈伦裤裤子显瘦裤裙,198,1,AW1458_1,颜色分类：蓝色;尺寸：S,null,null,卖家已发货，等待买家确认,AW1458_1
203159303886303244,拼接条纹小西装外套女港味复古chic小香风西服休闲韩版宽松薄款,258,1,AW1474_1,颜色分类：\白;尺码：S,null,null,卖家已发货，等待买家确认,AW1474_1
203157707781303244,白色连衣裙女2018秋装新款韩版宽松中长款长裙女慵懒风chic裙子,268,1,AW1486_2,颜色分类：白色;尺码：M,null,null,卖家已发货，等待买家确认,AW1486_2
204617612226902436,格子马甲外套女2018春装新款韩版中长款宽松过膝无袖风衣外搭,432,1,AW1081_2,颜色分类：格纹;尺码：M,null,null,卖家已发货，等待买家确认,AW1081_2
204744173236095527,春秋风衣女秋季2018新款韩版学历外套宽松中长款chic休闲lulu外套,508.5,1,AW1165_1,颜色分类：拼色;尺码：S,null,null,卖家已发货，等待买家确认,AW1165_1
204887086490860135,2018新款宽松韩版拼接连衣裙女夏荷叶边裙慵懒风pp home裙子显瘦,199,1,AW1391_1,颜色分类：拼色;尺码：S,null,null,卖家已发货，等待买家确认,AW1391_1
203132087606745071,性感连衣裙女夏2018新款宽松长裙露背裙子心机裙子设计感温柔裙,239,1,AW1403_2,颜色分类：蓝白格;尺码：M,null,null,卖家已发货，等待买家确认,AW1403_2
203046435697710384,黑色皮裤女2018新款宽松韩版直筒裤高腰休闲裤显瘦帅气裤子 百搭,228,1,AW1491_1,颜色分类：黑色;尺寸：S,null,null,卖家已发货，等待买家确认,AW1491_1
204813866487987504,复古明线黑色撞色呢大衣女秋冬新款韩版中长款呢子羊毛外套韩国,598.5,1,AW837_1,颜色分类：黑色[现货秒发];尺码：S,null,null,卖家已发货，等待买家确认,AW837_1
205013395676987504,睡衣风毛呢大衣女2017秋冬新款韩国中长款过膝呢子羊毛收腰外套,717,1,AW851_1,颜色分类：灰色;尺码：S,null,null,卖家已发货，等待买家确认,AW851_1
202964169173152366,春秋风衣女秋季2018新款韩版学历外套宽松中长款chic休闲lulu外套,508.5,1,AW1165_1,颜色分类：拼色;尺码：S,null,null,卖家已发货，等待买家确认,AW1165_1
204485676732885638,麂皮绒羊羔毛棉衣女中长款冬装新款鹿皮绒棉服宽松羊羔绒外套棉袄,552,1,AW465_1,颜色分类：军绿色[（建议买小一码）];尺码：S,null,null,卖家已发货，等待买家确认,AW465_1
204768450621405520,红色风衣女2018春秋季新款韩版中长款工装风宽松lulu薄款外套英伦,716,1,AW015_3,颜色分类：红色[砖红];尺码：S码,null,null,卖家已发货，等待买家确认,AW015_3
204927687871829420,2018秋季新款中长款宽松条纹衬衫女chic早秋上衣港味长袖原宿风,258,1,AW1477_1,颜色分类：拼色条纹;尺码：S,null,null,卖家已发货，等待买家确认,AW1477_1
204926875752172208,复古连衣裙夏装宽松2018新款中长款慵懒风裙子温柔i miss裙超仙女,246,1,AW1338_2,颜色分类：白色;尺码：M,null,null,卖家已发货，等待买家确认,AW1338_2
204926875752172208,极简主义连衣裙女2018夏季新款小清新裙子冷淡风长款衬衫裙慵懒风,219,1,AW1357_2,颜色分类：拼色;尺码：M,null,null,卖家已发货，等待买家确认,AW1357_2
204562257431741226,pphome裙18吊带背带连衣裙女2018夏装新款宽松复古长裙子中长款夏,240,1,AW301,颜色分类：绿色;尺码：均码,null,null,卖家已发货，等待买家确认,AW301
202913295664809966,2018夏新款白色褶皱雪纺衫女蕾丝洋气时尚小衫复古温柔风露肩上衣,239,1,AW1222_1,颜色分类：白色;尺码：S,null,null,卖家已发货，等待买家确认,AW1222_1
202858216333555985,pphome裙18吊带背带连衣裙女2018夏装新款宽松复古长裙子中长款夏,240,1,AW301,颜色分类：绿色;尺码：均码,null,null,卖家已发货，等待买家确认,AW301
204399520151066129,2018秋季新款条纹衬衫裙韩版宽松pp home裙子长裙港味连衣裙女,198,1,AW1485_1,颜色分类：蓝条纹;尺码：S,null,null,卖家已发货，等待买家确认,AW1485_1
202815516919158161,白色衬衫女2018秋季新款宽松港味长袖恶魔衬衣bf风chic早秋衬衫,228,1,AW1489_1,颜色分类：白色;尺码：S,null,null,卖家已发货，等待买家确认,AW1489_1
202815516919158161,拼接条纹小西装外套女港味复古chic小香风西服休闲韩版宽松薄款,258,1,AW1474_1,颜色分类：\白;尺码：S,null,null,卖家已发货，等待买家确认,AW1474_1
204669694678151814,白色衬衫女2018秋季新款宽松港味长袖恶魔衬衣bf风chic早秋衬衫,228,1,AW1489_1,颜色分类：白色;尺码：S,null,null,卖家已发货，等待买家确认,AW1489_1
204669694678151814,2018春秋季新款白色衬衫女chic长袖韩版学生上衣百搭宽松打底衬衣,245,1,AW396,颜色分类：白色;尺码：均码,null,null,卖家已发货，等待买家确认,AW396
204669694678151814,2018秋季新款chic早秋衬衫女韩范长袖复古波点条纹衬衣学院风上衣,199,1,AW1479_1,颜色分类：黑白;尺码：S,null,null,卖家已发货，等待买家确认,AW1479_1
202849483861537984,紫罗兰百褶连衣裙女夏装新款2018韩版宽松不规则裙长裙慵懒风chic,268,1,AW1348_1,颜色分类：紫色;尺码：S,null,null,卖家已发货，等待买家确认,AW1348_1
202849483861537984,2018秋新款韩版宽松中长款早秋衬衫裙慵懒风chic上衣港味长袖外套,269,1,AW1506_1,颜色分类：肉桂色;尺码：S,null,null,买家已付款，等待卖家发货,AW1506_1
204843519698693019,2018夏新款宽松港味复古连衣裙ins超火慵懒风pp home裙子韩版女装,298,1,AW1400_2,颜色分类：白色[送打底吊带];尺码：M,null,null,卖家已发货，等待买家确认,AW1400_2
202660173082638862,2018春秋新款韩版开学季chic外套女宽松百搭中长款棒球服学生港味,448.5,1,AW1051_1,颜色分类：拼色;尺码：S,null,null,卖家已发货，等待买家确认,AW1051_1
204400417941284406,秋装2018墨绿色小香风小西装套装女新款韩国复古chic休闲西服外套,522,1,AW814_1,颜色分类：墨绿色;尺码：S,null,null,卖家已发货，等待买家确认,AW814_1
202550274481419691,春秋风衣女秋季2018新款韩版学历外套宽松中长款chic休闲lulu外套,508.5,1,AW1165_1,颜色分类：拼色;尺码：S,null,null,卖家已发货，等待买家确认,AW1165_1
204245492391292504,2018新款张韶涵明星同款民族风印花连体裤宽松女夏阔腿裤薄款短裤,248,1,AW1377_1,颜色分类：印花;尺寸：S,null,null,卖家已发货，等待买家确认,AW1377_1
204365529746762530,秋季女2018新款名媛小香风连衣裙韩版宽松中长款 pphome裙子长裙,368,1,AW1467_1,颜色分类：黄白格;尺码：S,null,null,卖家已发货，等待买家确认,AW1467_1
204365529746762530,格纹荷叶边衬衫女2018新款小清新娃娃衫宽松衬衣夏薄款防晒上衣,199,1,AW1380_1,颜色分类：黄蓝格;尺码：S,null,null,卖家已发货，等待买家确认,AW1380_1
204365529746762530,2018秋季新款直筒裤韩版宽松格子裤女休闲裤高腰阔腿裤显瘦哈伦裤,229,1,AW1490_2,颜色分类：灰格子;尺寸：M,null,null,卖家已发货，等待买家确认,AW1490_2
202575724463101469,2018秋新款韩版宽松中长款早秋衬衫裙慵懒风chic上衣港味长袖外套,269,1,AW1506_1,颜色分类：肉桂色;尺码：S,null,null,卖家已发货，等待买家确认,AW1506_1
204330053454907211,店主很红夏季条纹白衬衫女bf宽松中长款娃娃衫防晒衣衬衣上衣蓬蓬,342,1,AW1207_1,颜色分类：白色;尺码：S,null,null,卖家已发货，等待买家确认,AW1207_1
204330053454907211,裙子女夏2018新款pp home心机设计感T恤裙sukol裙连衣裙小清新,199,1,AW1406_1,颜色分类：黑白色;尺码：S,null,null,卖家已发货，等待买家确认,AW1406_1
202436202955135249,白色衬衫女2018秋季新款宽松港味长袖恶魔衬衣bf风chic早秋衬衫,228,1,AW1489_1,颜色分类：白色;尺码：S,null,null,卖家已发货，等待买家确认,AW1489_1
204172860226558108,2018春秋韩版外套女酷街头宽松嘻哈学生糖果色工装棒球服bf风衣潮,387,1,AW798_2,颜色分类：拼色;尺码：M,null,null,交易关闭,AW798_2
204172860226558108,原宿灯笼袖卫衣女2018春装新款韩版学生中长款慵懒套头蝙蝠袖衫潮,294,1,AW172_1,颜色分类：灰色;尺码：均码,null,null,卖家已发货，等待买家确认,AW172_1
204172860226558108,藏青色连帽卫衣女装中长款2018春季新款ins超火的外套宽松连衣裙,888,1,AW1125_2,颜色分类：藏青色;尺码：M,null,null,卖家已发货，等待买家确认,AW1125_2
204172860226558108,拼接撞色超人蝙蝠袖中长款卫衣女2018春季新款宽松韩范ins超火,432,1,AW1169_2,颜色分类：拼色;尺码：M,null,null,卖家已发货，等待买家确认,AW1169_2
204386754423485019,原宿风格纹撞色马甲女2018新款秋冬韩版宽松小香风背心坎肩外套,328,1,AW1468_2,颜色分类：花色;尺码：M,null,null,卖家已发货，等待买家确认,AW1468_2
204230541277600210,2018夏季新款蕾丝印花雪纺冷淡风连衣裙女中长款宽松裙子文艺极简,312,1,AW1195_2,颜色分类：花色;尺码：M,null,null,卖家已发货，等待买家确认,AW1195_2
204230541277600210,2018早秋新款小蜜蜂花色短袖衬衫女韩范娃娃衫chic上衣慵懒风港味,282,1,AW1205_2,颜色分类：花色;尺码：M,null,null,卖家已发货，等待买家确认,AW1205_2
204230541277600210,店主很红夏季条纹白衬衫女bf宽松中长款娃娃衫防晒衣衬衣上衣蓬蓬,342,1,AW1207_2,颜色分类：白色;尺码：M,null,null,卖家已发货，等待买家确认,AW1207_2
202347245794168353,彩色条纹针织衫女2018秋新款宽松长袖喇叭袖套头上衣chic罩衫毛衣,228,1,AW1497_1,颜色分类：彩色条纹;尺码：S,null,null,交易关闭,AW1497_1
202347245794168353,条纹拼接风衣女中长款韩版秋季2018新款港风chic气质lulu学历外套,288,1,AW1470_1,颜色分类：拼色;尺码：S,null,null,卖家已发货，等待买家确认,AW1470_1
202297069585321153,2018春秋季新款卫衣女学生宽松运动上衣红色嘻哈少女外套街头bf风,888,1,AW1099_1,颜色分类：红黑色;尺码：S,null,null,卖家已发货，等待买家确认,AW1099_1
202297069585321153,原宿风格纹撞色马甲女2018新款秋冬韩版宽松小香风背心坎肩外套,328,1,AW1468_1,颜色分类：花色;尺码：S,null,null,交易关闭,AW1468_1
202193666737709977,学院风v领宽松针织衫毛衣马甲女背心短款学生2018春装新款韩版,342,1,AW1086_1,颜色分类：拼色;尺码：S,null,null,卖家已发货，等待买家确认,AW1086_1
202193666737709977,白衬衫女2018早秋新款长袖宽松ins超火的衬衣心机chic上衣设计感,253.5,1,AW1055_1,颜色分类：白色;尺码：S,null,null,卖家已发货，等待买家确认,AW1055_1
202322439133684294,拼接条纹小西装外套女港味复古chic小香风西服休闲韩版宽松薄款,258,1,AW1474_1,颜色分类：\白;尺码：S,null,null,卖家已发货，等待买家确认,AW1474_1
202322439133684294,2018秋季新款直筒裤韩版宽松格子裤女休闲裤高腰阔腿裤显瘦哈伦裤,229,1,AW1490_1,颜色分类：灰格子;尺寸：S,null,null,买家已付款，等待卖家发货,AW1490_1
202322439133684294,白色衬衫女2018秋季新款宽松港味长袖恶魔衬衣bf风chic早秋衬衫,228,1,AW1489_1,颜色分类：白色;尺码：S,null,null,卖家已发货，等待买家确认,AW1489_1
204100313296509900,白色衬衫女2018秋季新款宽松港味长袖恶魔衬衣bf风chic早秋衬衫,228,1,AW1489_1,颜色分类：白色;尺码：S,null,null,交易关闭,AW1489_1
204100313296509900,蓝色衬衫女长袖宽松男友风条纹衬衣2018秋季新款ins超火的衬衫女,888,1,AW1122_1,颜色分类：黑白条纹;尺码：S,null,null,卖家已发货，等待买家确认,AW1122_1
202252859622610948,白色衬衫女2018秋季新款宽松港味长袖恶魔衬衣bf风chic早秋衬衫,228,1,AW1489_1,颜色分类：白色;尺码：S,null,null,卖家已发货，等待买家确认,AW1489_1
202252859622610948,2018秋季新款直筒裤韩版宽松格子裤女休闲裤高腰阔腿裤显瘦哈伦裤,229,1,AW1490_1,颜色分类：灰格子;尺寸：S,null,null,买家已付款，等待卖家发货,AW1490_1
202252859622610948,朋克风黑色铆钉小皮裙女2018春季新款韩版高腰包臀半身裙a字裙,297,1,AW885_2,颜色分类：黑色;尺码：M,null,null,卖家已发货，等待买家确认,AW885_2
202252859622610948,港风牛仔外套女红色复古秋季韩版bf原宿宽松樱田川岛外套chic潮,258,1,AW1482_1,颜色分类：红色;尺码：S,null,null,卖家已发货，等待买家确认,AW1482_1
204057753762135616,格子套装女2018新款秋季韩版宽松慵懒风针织毛衣开衫两件套港味,408,1,AW1492_2,颜色分类：红白;尺码：M,null,null,卖家已发货，等待买家确认,AW1492_2
175694569510440095,2018新款学院风娃娃领连衣裙女韩版宽松慵懒风裙夏褶皱裙复古,229,1,AW1398_2,颜色分类：蓝色;尺码：M,null,null,卖家已发货，等待买家确认,AW1398_2
202144525232675651,蓝色复古牛仔裤女宽松直筒chic韩风裤子高腰阔腿裤潮九分裤,253.5,1,AW1210_2,颜色分类：蓝色;尺寸：M,null,null,卖家已发货，等待买家确认,AW1210_2
202144525232675651,拼接条纹衬衫女2018新款韩版宽松chic早秋衬衫上衣港味长袖衬衣潮,229,1,AW1500_1,颜色分类：藏青白;尺码：S,null,null,卖家已发货，等待买家确认,AW1500_1
202144525232675651,大格子收腰连衣裙女V领黄白系带温柔裙超仙a字裙宽松娃娃裙夏新款,249,1,AW1317_1,颜色分类：桔色;尺码：S,null,null,卖家已发货，等待买家确认,AW1317_1
202193555714922944,白色衬衫洋气小衫女夏韩版荷叶边娃娃衫波点雪纺上衣chic蓬蓬衬衣,239,1,AW1448_2,颜色分类：蓝波点[波点位置随机];尺码：M,null,请尽快发货，请包装好发正确地址正确的M码货物，谢谢卖家,卖家已发货，等待买家确认,AW1448_2
204152814867346505,2018秋季新款宽松港风外套女复古夹克棒球服bf风韩版樱田川岛外套,369,1,AW1480_1,颜色分类：黑色;尺码：S,null,null,卖家已发货，等待买家确认,AW1480_1
204152814867346505,2018春秋新款chic西装阔腿裤闺蜜装时尚俏皮社会套装女港风两件套,888,1,AW1131_1,颜色分类：姜黄色;尺码：S,null,null,卖家已发货，等待买家确认,AW1131_1
204152814867346505,夏季ins超火的上衣短袖樱田川岛白色T恤女bf韩系chic中长款体恤裙,207,1,AW1178_1,主要颜色：白色;尺码：S,null,null,卖家已发货，等待买家确认,AW1178_1
202124756084495451,木耳荷叶边连衣裙秋装2018新款宽松港味气质中长款chic衬衫女裙子,288,1,AW1483_1,颜色分类：锈红色[活动价229提前享];尺码：S,null,null,卖家已发货，等待买家确认,AW1483_1
202027318758495451,秋装2018墨绿色小香风小西装套装女新款韩国复古chic休闲西服外套,522,1,AW814_2,颜色分类：墨绿色;尺码：M,null,null,卖家已发货，等待买家确认,AW814_2
202027318758495451,2018早春韩版新款灯笼袖长袖BF衬衫裙女韩国中长款收腰衬衫宽松,352.5,1,AW497_4,颜色分类：绿色;尺码：M,null,null,卖家已发货，等待买家确认,AW497_4
202027318758495451,秋季新款英伦风毛呢格子小西装外套女中长款韩版宽松休闲chic西服,387,1,AW809_2,颜色分类：格子;尺码：M,null,null,卖家已发货，等待买家确认,AW809_2
204134866259077124,红色半身裙女2018秋季新款chic短裙高腰A字裙韩版宽松包臀裙复古,179,1,AW1499_1,颜色分类：桔红;尺码：S,null,null,卖家已发货，等待买家确认,AW1499_1
204119690210130718,2018新款张韶涵明星同款民族风印花连体裤宽松女夏阔腿裤薄款短裤,248,1,AW1377_2,颜色分类：印花;尺寸：M,null,null,卖家已发货，等待买家确认,AW1377_2
204119690210130718,花苞短裤女夏2018新款宽松热裤高腰阔腿裤薄款哈伦裤裤子显瘦裤裙,198,1,AW1458_2,颜色分类：蓝色;尺寸：M,null,null,卖家已发货，等待买家确认,AW1458_2
204119690210130718,港味复古连衣裙女2018新款收腰长裙慵懒风pp home裙子夏极简主义,218,1,AW1399_2,颜色分类：印花;尺码：M,null,null,卖家已发货，等待买家确认,AW1399_2
204119690210130718,2018早秋新款小蜜蜂花色短袖衬衫女韩范娃娃衫chic上衣慵懒风港味,282,1,AW1205_2,颜色分类：花色;尺码：M,null,null,卖家已发货，等待买家确认,AW1205_2
204119690210130718,重工刺绣连衣裙女夏2018新款宽松中长款蕾丝冷淡风仙女裙子超仙,268,1,AW1291_2,颜色分类：卡其色;尺码：M,null,null,卖家已发货，等待买家确认,AW1291_2
202071668212029164,2018秋季新款chic早秋衬衫女韩范长袖复古波点条纹衬衣学院风上衣,199,1,AW1479_2,颜色分类：黑白;尺码：M,null,null,卖家已发货，等待买家确认,AW1479_2
202071668212029164,彩色条纹针织衫女2018秋新款宽松长袖喇叭袖套头上衣chic罩衫毛衣,228,1,AW1497_2,颜色分类：彩色条纹;尺码：M,null,null,卖家已发货，等待买家确认,AW1497_2
201922934764470160,白色连衣裙女夏2018新款宽松中长款长裙慵懒风chic裙子极简主义,268,1,AW1330_1,颜色分类：白色;尺码：S,null,null,卖家已发货，等待买家确认,AW1330_1
203912713508899712,红色半身裙女2018秋季新款chic短裙高腰A字裙韩版宽松包臀裙复古,179,1,AW1499_2,颜色分类：桔红;尺码：M,null,null,卖家已发货，等待买家确认,AW1499_2
203912713508899712,2018秋季新款chic早秋衬衫女韩范长袖复古波点条纹衬衣学院风上衣,199,1,AW1479_2,颜色分类：黑白;尺码：M,null,null,交易关闭,AW1479_2
203780944164913235,冷淡风连衣裙女2018新款宽松慵懒风pp home裙子夏港味复古长裙,219,1,AW1405_1,颜色分类：黑白色;尺码：S,null,null,卖家已发货，等待买家确认,AW1405_1
201902522274846474,裙子女夏2018新款pp home心机设计感T恤裙sukol裙连衣裙小清新,199,1,AW1406_2,颜色分类：黑白色;尺码：M,null,null,卖家已发货，等待买家确认,AW1406_2
201963309609603391,2018夏装新款宽松遮肚子雪纺衫白色网纱蕾丝雪纺韩版蓬蓬上衣超仙,245,1,AW1326_1,颜色分类：白色;尺码：S,null,null,卖家已发货，等待买家确认,AW1326_1
201963309609603391,黑色连帽bf卫衣女2018秋装新款韩版宽松ulzzang印花上衣chic外套,313.5,1,AW1075_1,颜色分类：黑色;尺码：S,null,null,卖家已发货，等待买家确认,AW1075_1
201963309609603391,垂感阔腿裤女夏2018新款韩范宽松斜纹空调裤怪味少女裤子薄高腰,188,1,AW1328_1,颜色分类：棕色;尺寸：S,null,null,卖家已发货，等待买家确认,AW1328_1
201861333904632691,2018秋季新款条纹衬衫裙韩版宽松pp home裙子长裙港味连衣裙女,198,1,AW1485_1,颜色分类：蓝条纹;尺码：S,null,null,卖家已发货，等待买家确认,AW1485_1
201861333904632691,2018秋季新款chic早秋衬衫女韩范长袖复古波点条纹衬衣学院风上衣,199,1,AW1479_2,颜色分类：黑白;尺码：M,null,null,卖家已发货，等待买家确认,AW1479_2
201784950437294987,2018秋季新款宽松韩版长袖套头毛衣女慵懒风chic针织衫外套上衣,258,1,AW1496_1,颜色分类：黄色;尺码：S,null,null,卖家已发货，等待买家确认,AW1496_1
201784950437294987,白色连衣裙女2018秋装新款韩版宽松中长款长裙女慵懒风chic裙子,268,1,AW1486_1,颜色分类：白色;尺码：S,null,null,卖家已发货，等待买家确认,AW1486_1
201776017635744364,荷叶边拼色连衣裙女夏新款格子睡衣中长款宽松睡裙可外穿家居服,258,1,AW1432_2,颜色分类：马卡龙格子;尺码：M,null,null,卖家已发货，等待买家确认,AW1432_2
201753281726086643,阔腿裤女2018新款秋季韩版运动裤女宽松直筒休闲裤百搭长裤高腰,228,1,AW1476_2,颜色分类：红色;尺寸：M,null,null,交易关闭,AW1476_2
201753281726086643,2018早秋新款小蜜蜂花色短袖衬衫女韩范娃娃衫chic上衣慵懒风港味,282,1,AW1205_2,颜色分类：花色;尺码：M,null,null,卖家已发货，等待买家确认,AW1205_2
201753281726086643,白色连衣裙女夏2018新款宽松中长款长裙慵懒风chic裙子极简主义,268,1,AW1330_2,颜色分类：白色;尺码：M,null,null,卖家已发货，等待买家确认,AW1330_2
201753281726086643,裙子夏黑色波点法式复古樱田川岛连衣裙女宽松中长款过膝T恤裙,228,1,AW1299_2,颜色分类：黑色;尺码：M,null,null,卖家已发货，等待买家确认,AW1299_2
204063159547291533,裙子女夏2018新款pp home心机设计感T恤裙sukol裙连衣裙小清新,199,1,AW1406_1,颜色分类：黑白色;尺码：S,null,null,卖家已发货，等待买家确认,AW1406_1
204063159547291533,2018新款极简主义连衣裙女中长款慵懒风休闲chic复古鱼尾裙子港味,258,1,AW1390_1,颜色分类：拼色;尺码：S,null,null,卖家已发货，等待买家确认,AW1390_1
204063159547291533,2018夏季新款蕾丝印花雪纺冷淡风连衣裙女中长款宽松裙子文艺极简,312,1,AW1195_1,颜色分类：花色;尺码：S,null,null,交易关闭,AW1195_1
201783215185077280,2018新款韩版极简主义名媛连衣裙慵懒风裙子女夏温柔裙超仙显瘦,189,1,AW1394_2,颜色分类：花色;尺码：M,null,null,卖家已发货，等待买家确认,AW1394_2
201783215185077280,裙子女夏2018新款pp home心机设计感T恤裙sukol裙连衣裙小清新,199,1,AW1406_2,颜色分类：黑白色;尺码：M,null,null,卖家已发货，等待买家确认,AW1406_2
203582172395448034,店主很红夏季条纹白衬衫女bf宽松中长款娃娃衫防晒衣衬衣上衣蓬蓬,342,1,AW1207_2,颜色分类：白色;尺码：M,null,null,卖家已发货，等待买家确认,AW1207_2
203582172395448034,白衬衫女2018新款吊带外穿小衫防晒娃娃衫上衣显瘦心机上衣设计感,218,1,AW1346_2,颜色分类：白色;尺码：M,null,null,卖家已发货，等待买家确认,AW1346_2
203824486390453327,白色衬衫女2018秋季新款宽松港味长袖恶魔衬衣bf风chic早秋衬衫,228,1,AW1489_1,颜色分类：白色;尺码：S,null,null,卖家已发货，等待买家确认,AW1489_1
203824486390453327,2018秋季新款直筒裤韩版宽松格子裤女休闲裤高腰阔腿裤显瘦哈伦裤,229,1,AW1490_1,颜色分类：灰格子;尺寸：S,null,null,卖家已发货，等待买家确认,AW1490_1
201597826239765464,白色衬衫女2018秋季新款宽松港味长袖恶魔衬衣bf风chic早秋衬衫,228,1,AW1489_1,颜色分类：白色;尺码：S,null,null,卖家已发货，等待买家确认,AW1489_1
201597826239765464,2018秋季新款直筒裤韩版宽松格子裤女休闲裤高腰阔腿裤显瘦哈伦裤,229,1,AW1490_1,颜色分类：灰格子;尺寸：S,null,null,卖家已发货，等待买家确认,AW1490_1
203786294307106038,2018夏季新款冷淡风连衣裙女装极简中长款宽松ins超火文艺裙子复,268,1,AW1214_2,颜色分类：浅鹅黄;尺码：M,null,null,交易成功,AW1214_2
203786294307106038,极简主义连衣裙女2018夏季新款小清新裙子冷淡风长款衬衫裙慵懒风,219,1,AW1357_2,颜色分类：拼色;尺码：M,null,null,卖家已发货，等待买家确认,AW1357_2
201628008922179351,夏2018新款长款宽松大t恤女短袖下衣失踪中长款樱田川岛过膝裙,179,1,AW1300_1,主要颜色：拼色;尺码：S,null,null,卖家已发货，等待买家确认,AW1300_1
201628008922179351,长款T恤裙子夏季2018新款宽松过膝连衣裙女极简主义慵懒风假两件,208,1,AW1351_1,颜色分类：白色;尺码：S,null,null,卖家已发货，等待买家确认,AW1351_1
201576152389730175,白色衬衫女2018秋季新款宽松港味长袖恶魔衬衣bf风chic早秋衬衫,228,1,AW1489_1,颜色分类：白色;尺码：S,null,null,卖家已发货，等待买家确认,AW1489_1
201576152389730175,2018秋季新款直筒裤韩版宽松格子裤女休闲裤高腰阔腿裤显瘦哈伦裤,229,1,AW1490_2,颜色分类：灰格子;尺寸：M,null,null,买家已付款，等待卖家发货,AW1490_2
201490250131356147,2018夏新款宽松港味复古连衣裙ins超火慵懒风pp home裙子韩版女装,298,1,AW1400_1,颜色分类：白色[送打底吊带];尺码：S,null,null,卖家已发货，等待买家确认,AW1400_1
203562517658234534,2018秋季新款直筒裤韩版宽松格子裤女休闲裤高腰阔腿裤显瘦哈伦裤,229,1,AW1490_1,颜色分类：灰格子;尺寸：S,null,null,卖家已发货，等待买家确认,AW1490_1
203562517658234534,白色衬衫女2018秋季新款宽松港味长袖恶魔衬衣bf风chic早秋衬衫,228,1,AW1489_1,颜色分类：白色;尺码：S,null,null,卖家已发货，等待买家确认,AW1489_1
201453848998262083,裙子女夏2018新款pp home心机设计感T恤裙sukol裙连衣裙小清新,199,1,AW1406_2,颜色分类：黑白色;尺码：M,null,null,交易成功,AW1406_2
201453848998262083,夏2018新款长款宽松大t恤女短袖下衣失踪中长款樱田川岛过膝裙,179,1,AW1300_2,主要颜色：拼色;尺码：M,null,null,卖家已发货，等待买家确认,AW1300_2
201439288274148951,2018夏新款宽松港味复古连衣裙ins超火慵懒风pp home裙子韩版女装,298,1,AW1400_2,颜色分类：白色[送打底吊带];尺码：M,null,null,卖家已发货，等待买家确认,AW1400_2
203291672901125410,夏2018新款长款宽松大t恤女短袖下衣失踪中长款樱田川岛过膝裙,179,1,AW1300_2,主要颜色：拼色;尺码：M,null,null,交易成功,AW1300_2
203291672901125410,紫罗兰百褶连衣裙女夏装新款2018韩版宽松不规则裙长裙慵懒风chic,268,1,AW1348_2,颜色分类：紫色;尺码：M,null,null,卖家已发货，等待买家确认,AW1348_2
203291672901125410,大格子收腰连衣裙女V领黄白系带温柔裙超仙a字裙宽松娃娃裙夏新款,249,1,AW1317_2,颜色分类：桔色;尺码：M,null,null,卖家已发货，等待买家确认,AW1317_2
203416693392125410,店主很红夏季条纹白衬衫女bf宽松中长款娃娃衫防晒衣衬衣上衣蓬蓬,342,1,AW1207_2,颜色分类：白色;尺码：M,null,null,卖家已发货，等待买家确认,AW1207_2
201151310633625084,V领碎花连衣裙女夏2018新款宽松中长款荷叶边复古chic冷淡风裙子,218,1,AW1334_2,颜色分类：印花;尺码：M,null,null,卖家已发货，等待买家确认,AW1334_2
203173624499566838,2018夏新款法式复古黑色连衣裙女宽松极简主义慵懒风chic长裙子,285,1,AW1309_2,颜色分类：黑色;尺码：M,null,null,卖家已发货，等待买家确认,AW1309_2
201091138615129771,黑白波点衬衫女洋气小衫港风衬衣2018新款秋季女上衣娃娃衫chic,198,1,AW1484_2,颜色分类：黑白波点;尺码：M,null,null,交易成功,AW1484_2
201091138615129771,格纹连衣裙女夏2018新款荷叶边裙慵懒风裙子宽松极简主义长裙复古,258,1,AW1387_2,颜色分类：红蓝格;尺码：M,null,null,卖家已发货，等待买家确认,AW1387_2
201211595002079059,阔腿裤女2018新款秋季韩版运动裤女宽松直筒休闲裤百搭长裤高腰,228,1,AW1476_2,颜色分类：红色;尺寸：M,null,null,卖家已发货，等待买家确认,AW1476_2
201211595002079059,毛衣外套女韩版2018秋季新款针织衫慵懒风宽松chic罩衫薄款复古,268,1,AW1495_2,颜色分类：白色;尺码：M,null,null,卖家已发货，等待买家确认,AW1495_2
201211595002079059,白色衬衫女2018秋季新款宽松港味长袖恶魔衬衣bf风chic早秋衬衫,228,1,AW1489_2,颜色分类：白色;尺码：M,null,null,卖家已发货，等待买家确认,AW1489_2
201211595002079059,2018秋季新款直筒裤韩版宽松格子裤女休闲裤高腰阔腿裤显瘦哈伦裤,229,1,AW1490_2,颜色分类：灰格子;尺寸：M,null,null,卖家已发货，等待买家确认,AW1490_2
175653576556970198,2018新款宽松荷叶袖女娃娃衫上衣蓬蓬夏洋气小衫露背心机设计衬衫,238,1,AW1455_1,颜色分类：卡其+白;尺码：S,null,null,卖家已发货，等待买家确认,AW1455_1
175653576556970198,裤子2018新款女夏韩版休闲裤薄款哈伦裤宽松直筒高腰裤子长裤小脚,228,1,AW1463_1,颜色分类：米白色;尺寸：S,null,null,卖家已发货，等待买家确认,AW1463_1
200998150041064843,2018秋季港味连帽polo卫衣女宽松韩版中长款长袖ins超火的外套潮,888,1,AW1182_2,颜色分类：拼色;尺码：M,null,null,卖家已发货，等待买家确认,AW1182_2
200998150041064843,2018春秋港风樱田川岛外套女ins假两件飞行员夹克棒球服港味上衣,888,1,AW1132_2,颜色分类：焦糖色;尺码：M,null,null,交易成功,AW1132_2
203555687311254106,2018新款张韶涵明星同款民族风印花连体裤宽松女夏阔腿裤薄款短裤,248,1,AW1377_2,颜色分类：印花;尺寸：M,null,null,卖家已发货，等待买家确认,AW1377_2
201018869008895886,欧美个性原宿ulzzang连衣裙中长款夏2017新款宽松减龄显瘦衬衫裙,267,1,AW709_2,颜色分类：蓝色;尺码：M,null,null,交易成功,AW709_2
201018869008895886,2018秋季新款韩版love字母刺绣浅粉色衬衫女中长款宽松长袖衬衣,888,1,AW1100_2,颜色分类：浅蓝色;尺码：M,null,null,卖家已发货，等待买家确认,AW1100_2
201043844247853064,2018春季新款墨绿色背心皮马甲女中长款韩版宽松无袖坎肩风衣外套,888,1,AW1118_1,颜色分类：墨绿色;尺码：S,null,null,交易关闭,AW1118_1
201043844247853064,夏季ins超火的上衣短袖樱田川岛白色T恤女bf韩系chic中长款体恤裙,207,1,AW1178_2,主要颜色：白色;尺码：M,null,null,卖家已发货，等待买家确认,AW1178_2
200958166028727249,店主很红夏季条纹白衬衫女bf宽松中长款娃娃衫防晒衣衬衣上衣蓬蓬,342,1,AW1207_2,颜色分类：白色;尺码：M,null,null,卖家已发货，等待买家确认,AW1207_2
200908522457050989,大翻领印花条纹连衣裙女夏新款宽松衬衫裙慵懒风裙子极简主义裙子,229,1,AW1378_1,颜色分类：黄蓝条;尺码：S,null,null,卖家已发货，等待买家确认,AW1378_1
200901690711756553,彩色条纹针织衫女2018秋新款宽松长袖喇叭袖套头上衣chic罩衫毛衣,228,1,AW1497_1,颜色分类：彩色条纹;尺码：S,null,null,交易成功,AW1497_1
200901690711756553,白色衬衫女2018秋季新款宽松港味长袖恶魔衬衣bf风chic早秋衬衫,228,1,AW1489_1,颜色分类：白色;尺码：S,null,null,卖家已发货，等待买家确认,AW1489_1
200891470921269449,2018夏新款法式复古黑色连衣裙女宽松极简主义慵懒风chic长裙子,285,1,AW1309_2,颜色分类：黑色;尺码：M,null,null,交易成功,AW1309_2
200891470921269449,2018新款宽松蕾丝拼接条纹衬衫裙女夏慵懒风裙子极简主义 连衣裙,258,1,AW1388_2,颜色分类：黄白条;尺码：M,null,null,卖家已发货，等待买家确认,AW1388_2
200891470921269449,极简主义连衣裙女2018夏季新款小清新裙子冷淡风长款衬衫裙慵懒风,219,1,AW1357_2,颜色分类：拼色;尺码：M,null,null,交易成功,AW1357_2
200891470921269449,2018新款韩版极简主义名媛连衣裙慵懒风裙子女夏温柔裙超仙显瘦,189,1,AW1394_2,颜色分类：花色;尺码：M,null,null,卖家已发货，等待买家确认,AW1394_2
200891470921269449,裙子夏黑色波点法式复古樱田川岛连衣裙女宽松中长款过膝T恤裙,228,1,AW1299_2,颜色分类：黑色;尺码：M,null,null,卖家已发货，等待买家确认,AW1299_2
200891470921269449,拼接连衣裙女夏季2018新款宽松V领荷叶边裙pp home裙子慵懒风裙子,189,1,AW1379_2,颜色分类：印花;尺码：M,null,null,交易成功,AW1379_2
200891470921269449,撞色拼接复古印花连衣裙夏2018新款宽松长裙女慵懒风chic裙子极简,208,1,AW1345_2,颜色分类：拼色;尺码：M,null,null,卖家已发货，等待买家确认,AW1345_2
203478183282913223,拼接条纹小西装外套女港味复古chic小香风西服休闲韩版宽松薄款,258,1,AW1474_1,颜色分类：\白;尺码：S,null,null,卖家已发货，等待买家确认,AW1474_1
200965192475459991,2018秋季新款chic早秋衬衫女韩范长袖复古波点条纹衬衣学院风上衣,199,1,AW1479_2,颜色分类：黑白;尺码：M,null,null,卖家已发货，等待买家确认,AW1479_2
200930248420220163,2018夏新款宽松港味复古连衣裙ins超火慵懒风pp home裙子韩版女装,298,1,AW1400_1,颜色分类：白色[送打底吊带];尺码：S,null,null,卖家已发货，等待买家确认,AW1400_1
200929131978468462,白色衬衫女2018秋季新款宽松港味长袖恶魔衬衣bf风chic早秋衬衫,228,1,AW1489_1,颜色分类：白色;尺码：S,null,null,卖家已发货，等待买家确认,AW1489_1
200929131978468462,2018秋季新款直筒裤韩版宽松格子裤女休闲裤高腰阔腿裤显瘦哈伦裤,229,1,AW1490_1,颜色分类：灰格子;尺寸：S,null,null,卖家已发货，等待买家确认,AW1490_1
200891807407015892,2018秋季新款宽松韩版长袖套头毛衣女慵懒风chic针织衫外套上衣,258,1,AW1496_2,颜色分类：黄色;尺码：M,null,务必检查好质量，圆通,卖家已发货，等待买家确认,AW1496_2
200744104797189186,2018夏新款法式复古黑色连衣裙女宽松极简主义慵懒风chic长裙子,285,1,AW1309_2,颜色分类：黑色;尺码：M,null,null,卖家已发货，等待买家确认,AW1309_2
200744104797189186,裙子夏黑色波点法式复古樱田川岛连衣裙女宽松中长款过膝T恤裙,228,1,AW1299_2,颜色分类：黑色;尺码：M,null,null,卖家已发货，等待买家确认,AW1299_2
200744104797189186,2018夏季新款蕾丝印花雪纺冷淡风连衣裙女中长款宽松裙子文艺极简,312,1,AW1195_2,颜色分类：花色;尺码：M,null,null,卖家已发货，等待买家确认,AW1195_2
200744104797189186,撞色拼接复古印花连衣裙夏2018新款宽松长裙女慵懒风chic裙子极简,208,1,AW1345_2,颜色分类：拼色;尺码：M,null,null,卖家已发货，等待买家确认,AW1345_2
203228115943626301,港味复古破洞牛仔裤女秋冬季新款韩版直筒乞丐裤宽松铅笔裤九分裤,269,1,AW829_2,颜色分类：牛仔蓝;尺寸：M,null,null,卖家已发货，等待买家确认,AW829_2
200627905948652650,白色衬衫女2018秋季新款宽松港味长袖恶魔衬衣bf风chic早秋衬衫,228,1,AW1489_1,颜色分类：白色;尺码：S,null,null,卖家已发货，等待买家确认,AW1489_1
200627905948652650,原宿风牛仔外套女长袖2018秋新款宽松bf风樱田川岛外套假两件港风,258,1,AW1502_1,颜色分类：蓝白;尺码：S,null,null,卖家已发货，等待买家确认,AW1502_1
200627905948652650,拼接条纹衬衫女2018新款韩版宽松chic早秋衬衫上衣港味长袖衬衣潮,229,1,AW1500_2,颜色分类：藏青白;尺码：M,null,null,卖家已发货，等待买家确认,AW1500_2
203002574644692634,2018新款韩版极简主义名媛连衣裙慵懒风裙子女夏温柔裙超仙显瘦,189,1,AW1394_1,颜色分类：花色;尺码：S,null,null,卖家已发货，等待买家确认,AW1394_1
200576301235246293,2018新款韩版极简主义名媛连衣裙慵懒风裙子女夏温柔裙超仙显瘦,189,1,AW1394_1,颜色分类：花色;尺码：S,null,null,卖家已发货，等待买家确认,AW1394_1
200598168042746947,店主很红夏季条纹白衬衫女bf宽松中长款娃娃衫防晒衣衬衣上衣蓬蓬,342,1,AW1207_2,颜色分类：白色;尺码：M,null,null,卖家已发货，等待买家确认,AW1207_2
200563729335693461,睡衣风家居服2018新款夏印花开衫短裤女套装宽松韩版春秋季两件套,285,1,AW1422_2,颜色分类：印花;尺码：M,null,null,卖家已发货，等待买家确认,AW1422_2
203142323918588313,极简主义连衣裙女2018夏季新款小清新裙子冷淡风长款衬衫裙慵懒风,219,1,AW1357_2,颜色分类：拼色;尺码：M,null,null,卖家已发货，等待买家确认,AW1357_2
200492973449453557,2018秋季新款宽松韩版长袖套头毛衣女慵懒风chic针织衫外套上衣,258,1,AW1496_1,颜色分类：黄色;尺码：S,null,null,卖家已发货，等待买家确认,AW1496_1
202740017031689510,2018秋季新款直筒裤韩版宽松格子裤女休闲裤高腰阔腿裤显瘦哈伦裤,229,1,AW1490_2,颜色分类：灰格子;尺寸：M,null,null,卖家已发货，等待买家确认,AW1490_2
202740017031689510,白色衬衫女2018秋季新款宽松港味长袖恶魔衬衣bf风chic早秋衬衫,228,1,AW1489_2,颜色分类：白色;尺码：M,null,null,卖家已发货，等待买家确认,AW1489_2
202869658489271516,2018夏新款宽松港味复古连衣裙ins超火慵懒风pp home裙子韩版女装,298,1,AW1400_1,颜色分类：白色[送打底吊带];尺码：S,null,null,卖家已发货，等待买家确认,AW1400_1
202869658489271516,2018新款极简主义连衣裙女中长款慵懒风休闲chic复古鱼尾裙子港味,258,1,AW1390_1,颜色分类：拼色;尺码：S,null,null,卖家已发货，等待买家确认,AW1390_1
202692501235979208,2018夏新款宽松港味复古连衣裙ins超火慵懒风pp home裙子韩版女装,298,1,AW1400_2,颜色分类：白色[送打底吊带];尺码：M,null,null,卖家已发货，等待买家确认,AW1400_2
202692501235979208,大格子收腰连衣裙女V领黄白系带温柔裙超仙a字裙宽松娃娃裙夏新款,249,1,AW1317_2,颜色分类：桔色;尺码：M,null,null,卖家已发货，等待买家确认,AW1317_2
202661869898210307,格纹连衣裙女夏2018新款荷叶边裙慵懒风裙子宽松极简主义长裙复古,258,1,AW1387_1,颜色分类：红蓝格;尺码：S,null,null,交易成功,AW1387_1
202661869898210307,2018新款鱼尾连衣裙女夏宽松中长款慵懒风裙子 i miss裙超仙甜美,248,1,AW1446_2,颜色分类：桔色;尺码：M,null,null,卖家已发货，等待买家确认,AW1446_2
200303076798066861,白色衬衫女2018秋季新款宽松港味长袖恶魔衬衣bf风chic早秋衬衫,228,1,AW1489_2,颜色分类：白色;尺码：M,null,null,卖家已发货，等待买家确认,AW1489_2
200303076798066861,拼接条纹衬衫女2018新款韩版宽松chic早秋衬衫上衣港味长袖衬衣潮,229,1,AW1500_2,颜色分类：藏青白;尺码：M,null,null,交易成功,AW1500_2
200303076798066861,秋季女2018新款白色衬衣裙韩版中长款宽松chic早秋衬衫港味bf复古,228,1,AW1498_2,颜色分类：白色;尺码：M,null,null,交易成功,AW1498_2
200303076798066861,白色连衣裙女2018秋装新款韩版宽松中长款长裙女慵懒风chic裙子,268,1,AW1486_2,颜色分类：白色;尺码：M,null,null,交易成功,AW1486_2
200324107402462570,卡其色风衣女中长款秋季2018新款韩版宽松lulu风衣外套港风chic,288,1,AW1471_1,颜色分类：卡其;尺码：S,null,null,卖家已发货，等待买家确认,AW1471_1
200324107402462570,原宿风工装外套女韩版港风复古chic宽松欧美嘻哈风衣学生棒球服bf,387,1,AW798_1,颜色分类：拼色;尺码：S,null,null,卖家已发货，等待买家确认,AW798_1
200324107402462570,学院风格子拼接风衣女2018秋季新款港味复古chic外套宽松中长款,268,1,AW1473_1,颜色分类：拼色;尺码：S,null,null,卖家已发货，等待买家确认,AW1473_1
200283336911462570,秋季新款英伦风毛呢格子小西装外套女中长款韩版宽松休闲chic西服,387,1,AW809_1,颜色分类：格子;尺码：S,null,null,卖家已发货，等待买家确认,AW809_1
200283336911462570,连帽卫衣女2018秋装新款韩版宽松长袖中长款慵懒风pp home外套潮,239,1,AW1469_1,颜色分类：印花;尺码：S,null,null,卖家已发货，等待买家确认,AW1469_1
200320467309735645,2018秋季新款韩版豆沙红风衣女中长款过膝春秋港风chic外套lulu,507,1,AW812_2,颜色分类：豆沙红;尺码：M,null,null,卖家已发货，等待买家确认,AW812_2
202754606100149320,2018夏季新款蕾丝印花雪纺冷淡风连衣裙女中长款宽松裙子文艺极简,312,1,AW1195_1,颜色分类：花色;尺码：S,null,null,卖家已发货，等待买家确认,AW1195_1
202754606100149320,裙子夏黑色波点法式复古樱田川岛连衣裙女宽松中长款过膝T恤裙,228,1,AW1299_2,颜色分类：黑色;尺码：M,null,null,卖家已发货，等待买家确认,AW1299_2
202486364691233628,拼接连衣裙女夏季2018新款宽松V领荷叶边裙pp home裙子慵懒风裙子,189,1,AW1379_1,颜色分类：印花;尺码：S,null,null,交易关闭,AW1379_1
202486364691233628,睡衣风女装家居服报纸印花夏季薄款套装可外穿韩版宽松冰丝两件套,298,1,AW1412_1,颜色分类：黑白色;尺码：S,null,null,卖家已发货，等待买家确认,AW1412_1
202750126313482016,裙子女夏2018新款pp home心机设计感T恤裙sukol裙连衣裙小清新,199,1,AW1406_2,颜色分类：黑白色;尺码：M,null,null,卖家已发货，等待买家确认,AW1406_2
200165626467125271,白色衬衫女2018秋季新款宽松港味长袖恶魔衬衣bf风chic早秋衬衫,228,1,AW1489_1,颜色分类：白色;尺码：S,null,null,卖家已发货，等待买家确认,AW1489_1
200165626467125271,拼接条纹小西装外套女港味复古chic小香风西服休闲韩版宽松薄款,258,1,AW1474_1,颜色分类：\白;尺码：S,null,null,卖家已发货，等待买家确认,AW1474_1
200210733862353381,2018新款极简主义连衣裙女中长款慵懒风休闲chic复古鱼尾裙子港味,258,1,AW1390_2,颜色分类：拼色;尺码：M,null,null,卖家已发货，等待买家确认,AW1390_2
200210733862353381,条纹V领连衣裙长裙女装夏2018新款高腰显瘦荷叶边a字裙慵懒风裙子,265,1,AW1337_2,颜色分类：明黄色;尺码：M,null,null,卖家已发货，等待买家确认,AW1337_2
202445960455189032,花苞短裤女夏2018新款宽松热裤高腰阔腿裤薄款哈伦裤裤子显瘦裤裙,198,1,AW1458_2,颜色分类：蓝色;尺寸：M,null,null,卖家已发货，等待买家确认,AW1458_2
202445960455189032,白色衬衫洋气小衫女夏韩版荷叶边娃娃衫波点雪纺上衣chic蓬蓬衬衣,239,1,AW1448_2,颜色分类：蓝波点[波点位置随机];尺码：M,null,null,卖家已发货，等待买家确认,AW1448_2
200138913647481683,2018秋季新款chic早秋衬衫女韩范长袖复古波点条纹衬衣学院风上衣,199,1,AW1479_1,颜色分类：黑白;尺码：S,null,null,卖家已发货，等待买家确认,AW1479_1
200138913647481683,裙子女夏2018新款pp home心机设计感T恤裙sukol裙连衣裙小清新,199,1,AW1406_2,颜色分类：黑白色;尺码：M,null,null,卖家已发货，等待买家确认,AW1406_2
200180803768232488,秋季女2018新款名媛小香风连衣裙韩版宽松中长款 pphome裙子长裙,368,1,AW1467_2,颜色分类：黄白格;尺码：M,null,null,卖家已发货，等待买家确认,AW1467_2
200180803768232488,白色衬衫女2018秋季新款宽松港味长袖恶魔衬衣bf风chic早秋衬衫,228,1,AW1489_2,颜色分类：白色;尺码：M,null,null,卖家已发货，等待买家确认,AW1489_2
200180803768232488,2018秋季新款直筒裤韩版宽松格子裤女休闲裤高腰阔腿裤显瘦哈伦裤,229,1,AW1490_2,颜色分类：灰格子;尺寸：M,null,null,卖家已发货，等待买家确认,AW1490_2
202586550786906712,绿色条纹衬衫连衣裙女夏2018新款韩版短袖冷淡风中长款宽松裙子,249,1,AW296_2,颜色分类：黄条纹;尺码：M,null,null,卖家已发货，等待买家确认,AW296_2
202586550786906712,春秋夏季长袖印花睡衣女套装垂感日系甜美家居服韩版睡袍两件套,329,1,AW1428_2,颜色分类：印花;尺码：M,null,null,买家已付款，等待卖家发货,AW1428_2
202234392519284606,2018秋季新款直筒裤韩版宽松格子裤女休闲裤高腰阔腿裤显瘦哈伦裤,229,1,AW1490_2,颜色分类：灰格子;尺寸：M,null,null,交易成功,AW1490_2
202234392519284606,白色衬衫女2018秋季新款宽松港味长袖恶魔衬衣bf风chic早秋衬衫,228,1,AW1489_2,颜色分类：白色;尺码：M,null,null,卖家已发货，等待买家确认,AW1489_2
202234392519284606,春秋风衣女秋季2018新款韩版学历外套宽松中长款chic休闲lulu外套,508.5,1,AW1165_1,颜色分类：拼色;尺码：S,null,null,交易成功,AW1165_1
202223332843414608,大格子收腰连衣裙女V领黄白系带温柔裙超仙a字裙宽松娃娃裙夏新款,249,1,AW1317_2,颜色分类：桔色;尺码：M,null,勿发瑕疵品，否则给予差评，谢谢,卖家已发货，等待买家确认,AW1317_2
199881621712140548,2018秋季新款chic早秋衬衫女韩范长袖复古波点条纹衬衣学院风上衣,199,1,AW1479_1,颜色分类：黑白;尺码：S,null,null,交易关闭,AW1479_1
199881621712140548,格子套装女2018新款秋季韩版宽松慵懒风针织毛衣开衫两件套港味,408,1,AW1492_1,颜色分类：红白;尺码：S,null,null,交易成功,AW1492_1
199881621712140548,红色半身裙女2018秋季新款chic短裙高腰A字裙韩版宽松包臀裙复古,179,1,AW1499_1,颜色分类：桔红;尺码：S,null,null,卖家已发货，等待买家确认,AW1499_1
199909567643552267,学院风格子拼接风衣女2018秋季新款港味复古chic外套宽松中长款,268,1,AW1473_2,颜色分类：拼色;尺码：M,null,null,交易成功,AW1473_2
199909567643552267,拼接风衣女中长款韩版秋季2018新款港风chiclulu风衣学历外套气质,288,1,AW1470_2,颜色分类：拼色;尺码：M,null,null,卖家已发货，等待买家确认,AW1470_2
202281993507268003,2018春秋新款白色刺绣ins牛仔外套女宽松韩版bf原宿风夹克牛仔衣,508.5,1,AW1145_2,颜色分类：白色;尺码：M,null,null,交易成功,AW1145_2
202281993507268003,白色衬衫女2018秋季新款宽松港味长袖恶魔衬衣bf风chic早秋衬衫,228,1,AW1489_2,颜色分类：白色;尺码：M,null,null,卖家已发货，等待买家确认,AW1489_2
199822347027094263,白色衬衫女2018秋季新款宽松港味长袖恶魔衬衣bf风chic早秋衬衫,228,1,AW1489_1,颜色分类：白色;尺码：S,null,null,卖家已发货，等待买家确认,AW1489_1
199822347027094263,2018秋季新款直筒裤韩版宽松格子裤女休闲裤高腰阔腿裤显瘦哈伦裤,229,1,AW1490_2,颜色分类：灰格子;尺寸：M,null,null,卖家已发货，等待买家确认,AW1490_2
199784292223465388,2018秋季新款直筒裤韩版宽松格子裤女休闲裤高腰阔腿裤显瘦哈伦裤,229,1,AW1490_1,颜色分类：灰格子;尺寸：S,null,null,卖家已发货，等待买家确认,AW1490_1
199784292223465388,2018秋季新款条纹衬衫裙韩版宽松pp home裙子长裙港味连衣裙女,198,1,AW1485_1,颜色分类：蓝条纹;尺码：S,null,null,卖家已发货，等待买家确认,AW1485_1
199784292223465388,白色连衣裙女2018秋装新款韩版宽松中长款长裙女慵懒风chic裙子,268,1,AW1486_1,颜色分类：白色;尺码：S,null,null,卖家已发货，等待买家确认,AW1486_1
199784292223465388,拼接条纹小西装外套女港味复古chic小香风西服休闲韩版宽松薄款,258,1,AW1474_1,颜色分类：\白;尺码：S,null,null,卖家已发货，等待买家确认,AW1474_1
199784292223465388,拼接风衣女中长款韩版秋季2018新款港风chiclulu风衣学历外套气质,288,1,AW1470_1,颜色分类：拼色;尺码：S,null,null,卖家已发货，等待买家确认,AW1470_1
199784292223465388,秋季女2018新款名媛小香风连衣裙韩版宽松中长款 pphome裙子长裙,368,1,AW1467_1,颜色分类：黄白格;尺码：S,null,null,卖家已发货，等待买家确认,AW1467_1
199784292223465388,原宿风格纹撞色马甲女2018新款秋冬韩版宽松小香风背心坎肩外套,328,1,AW1468_1,颜色分类：花色;尺码：S,null,null,卖家已发货，等待买家确认,AW1468_1
199784292223465388,白色衬衫女2018秋季新款宽松港味长袖恶魔衬衣bf风chic早秋衬衫,228,1,AW1489_1,颜色分类：白色;尺码：S,null,null,交易关闭,AW1489_1
199685398791553349,红蓝条纹短袖T恤女宽松网红衣服街拍款韩范个性ins超火的上衣,168,1,AW1320_1,主要颜色：拼色;尺码：S,null,null,卖家已发货，等待买家确认,AW1320_1
199685398791553349,裙子夏黑色波点法式复古樱田川岛连衣裙女宽松中长款过膝T恤裙,228,1,AW1299_1,颜色分类：黑色;尺码：S,null,null,交易成功,AW1299_1
199616042653951164,港味复古连衣裙女2018新款收腰长裙慵懒风pp home裙子夏极简主义,218,1,AW1399_1,颜色分类：印花;尺码：S,null,null,卖家已发货，等待买家确认,AW1399_1
199546798973549543,2018新款韩版极简主义名媛连衣裙慵懒风裙子女夏温柔裙超仙显瘦,189,1,AW1394_1,颜色分类：花色;尺码：S,null,null,卖家已发货，等待买家确认,AW1394_1
175464325821122995,店主很红夏季条纹白衬衫女bf宽松中长款娃娃衫防晒衣衬衣上衣蓬蓬,342,1,AW1207_2,颜色分类：白色;尺码：M,null,null,卖家已发货，等待买家确认,AW1207_2
199560740105225464,裙子女夏2018新款pp home心机设计感T恤裙sukol裙连衣裙小清新,199,1,AW1406_1,颜色分类：黑白色;尺码：S,null,null,卖家已发货，等待买家确认,AW1406_1
202117354559500218,绣花条纹寸衫裙宽松长款荷叶袖衬衫女2018新款韩版衬衣 bf 港风,248,1,AW1298_1,颜色分类：条纹;尺码：S,null,null,卖家已发货，等待买家确认,AW1298_1
202117354559500218,大格子收腰连衣裙女V领黄白系带温柔裙超仙a字裙宽松娃娃裙夏新款,249,1,AW1317_1,颜色分类：桔色;尺码：S,null,null,卖家已发货，等待买家确认,AW1317_1
199178850488475280,2018夏新款宽松港味复古连衣裙ins超火慵懒风pp home裙子韩版女装,298,1,AW1400_1,颜色分类：白色[送打底吊带];尺码：S,null,null,交易关闭,AW1400_1
199178850488475280,店主很红夏季条纹白衬衫女bf宽松中长款娃娃衫防晒衣衬衣上衣蓬蓬,342,1,AW1207_1,颜色分类：白色;尺码：S,null,null,卖家已发货，等待买家确认,AW1207_1
201965174290484527,睡衣风家居服2018新款夏印花开衫短裤女套装宽松韩版春秋季两件套,285,1,AW1422_2,颜色分类：印花;尺码：M,null,null,卖家已发货，等待买家确认,AW1422_2
199187836821612852,2018新款韩版极简主义名媛连衣裙慵懒风裙子女夏温柔裙超仙显瘦,189,1,AW1394_1,颜色分类：花色;尺码：S,null,null,卖家已发货，等待买家确认,AW1394_1
175418741377609599,藏青红撞色拼接运动风POLO衫宽松短袖T恤女2018夏新款hiphop衣服,208,1,AW1322_1,主要颜色：拼色;尺码：S,null,null,卖家已发货，等待买家确认,AW1322_1
198997801383717651,白色衬衫洋气小衫女夏韩版荷叶边娃娃衫波点雪纺上衣chic蓬蓬衬衣,239,1,AW1448_2,颜色分类：蓝波点[波点位置随机];尺码：M,null,null,卖家已发货，等待买家确认,AW1448_2
198997801383717651,裙子女夏2018新款pp home心机设计感T恤裙sukol裙连衣裙小清新,199,1,AW1406_2,颜色分类：黑白色;尺码：M,null,null,卖家已发货，等待买家确认,AW1406_2
199020119084489046,2018新款韩版极简主义名媛连衣裙慵懒风裙子女夏温柔裙超仙显瘦,189,1,AW1394_1,颜色分类：花色;尺码：S,null,null,卖家已发货，等待买家确认,AW1394_1
198938833594888680,2018新款宽松韩版拼接连衣裙女夏荷叶边裙慵懒风pp home裙子显瘦,199,1,AW1391_1,颜色分类：拼色;尺码：S,null,null,卖家已发货，等待买家确认,AW1391_1
198938833594888680,格纹连衣裙女夏2018新款荷叶边裙慵懒风裙子宽松极简主义长裙复古,258,1,AW1387_1,颜色分类：红蓝格;尺码：S,null,null,交易成功,AW1387_1
198878772726724173,马卡龙格子睡衣女夏季套装宽松韩版棉绸薄款家居服可外穿两件套,288,1,AW1410_2,颜色分类：格子;尺码：M,null,null,卖家已发货，等待买家确认,AW1410_2
198878772726724173,格纹荷叶边衬衫女2018新款小清新娃娃衫宽松衬衣夏薄款防晒上衣,199,1,AW1380_2,颜色分类：黄蓝格;尺码：M,null,null,卖家已发货，等待买家确认,AW1380_2
198572063883307474,裙子女夏2018新款pp home心机设计感T恤裙sukol裙连衣裙小清新,199,1,AW1406_1,颜色分类：黑白色;尺码：S,null,null,卖家已发货，等待买家确认,AW1406_1
198572063883307474,2018春秋樱田川岛外套女宽松假两件ins夹克棒球服上衣怪味少女,418.5,1,AW1179_1,颜色分类：黑白;尺码：S,null,null,交易成功,AW1179_1
198348648591259592,2018新款韩版极简主义名媛连衣裙慵懒风裙子女夏温柔裙超仙显瘦,189,1,AW1394_2,颜色分类：花色;尺码：M,null,null,卖家已发货，等待买家确认,AW1394_2
198203861480514979,紫色毛呢大衣女冬韩国中长款过膝秋冬呢子赫本毛呢外套超长款女装,642,1,AW915_2,颜色分类：葡萄紫;尺码：M,null,null,卖家已发货，等待买家确认,AW915_2
198051626141299844,港味极简主义连衣裙夏2018新款宽松冷淡风中长款裙子女慵懒风chic,269,1,AW1344_1,颜色分类：印花;尺码：S,null,null,卖家已发货，等待买家确认,AW1344_1
198051626141299844,2018夏新款宽松港味复古连衣裙ins超火慵懒风pp home裙子韩版女装,298,1,AW1400_1,颜色分类：白色;尺码：S,null,null,交易成功,AW1400_1
197987813785620569,条纹连衣裙女夏2018新款宽松中长款鱼尾裙慵懒风裙子极简主义长裙,288,1,AW1444_2,颜色分类：蓝白;尺码：M,null,null,卖家已发货，等待买家确认,AW1444_2
197987813785620569,2018夏新款法式复古黑色连衣裙女宽松极简主义慵懒风chic长裙子,285,1,AW1309_2,颜色分类：黑色;尺码：M,null,null,交易关闭,AW1309_2
197987813785620569,修身圆领夏新款网纱拼接小心机上衣女设计感喇叭网纱t恤宽松罩衫,158,1,AW674_4,主要颜色：杏色 现货;尺码：M,null,null,交易关闭,AW674_4
198010411891396569,运动风拼接白色短袖T恤女2018新款夏装宽松韩版上衣女嘻哈潮ins,168,1,AW1335_2,主要颜色：拼色;尺码：M,null,null,卖家已发货，等待买家确认,AW1335_2
197882030947044653,花苞短裤女夏2018新款宽松热裤高腰阔腿裤薄款哈伦裤裤子显瘦裤裙,198,1,AW1458_1,颜色分类：蓝色;尺寸：S,null,null,交易关闭,AW1458_1
197882030947044653,2018夏新款宽松港味复古连衣裙ins超火慵懒风pp home裙子韩版女装,298,1,AW1400_1,颜色分类：白色;尺码：S,null,null,卖家已发货，等待买家确认,AW1400_1
197882030947044653,白色衬衫洋气小衫女夏韩版荷叶边娃娃衫波点雪纺上衣chic蓬蓬衬衣,239,1,AW1448_1,颜色分类：蓝波点[波点位置随机];尺码：S,null,null,交易关闭,AW1448_1
197821494773443551,店主很红夏季条纹白衬衫女bf宽松中长款娃娃衫防晒衣衬衣上衣蓬蓬,342,1,AW1207_1,颜色分类：白色;尺码：S,null,null,卖家已发货，等待买家确认,AW1207_1
197926243411248654,2018新款韩版极简主义名媛连衣裙慵懒风裙子女夏温柔裙超仙显瘦,189,1,AW1394_1,颜色分类：花色;尺码：S,null,null,卖家已发货，等待买家确认,AW1394_1
200878130888581507,2018新款韩版极简主义名媛连衣裙慵懒风裙子女夏温柔裙超仙显瘦,189,1,AW1394_2,颜色分类：花色;尺码：M,null,null,卖家已发货，等待买家确认,AW1394_2
201021799510233436,2018新款韩版极简主义名媛连衣裙慵懒风裙子女夏温柔裙超仙显瘦,189,1,AW1394_2,颜色分类：花色;尺码：M,null,圆通？,卖家已发货，等待买家确认,AW1394_2
197514864442931483,裙子女夏2018新款pp home心机设计感T恤裙sukol裙连衣裙小清新,199,1,AW1406_2,颜色分类：黑白色;尺码：M,null,null,卖家已发货，等待买家确认,AW1406_2
197514864442931483,红色连衣裙女衬衣裙2017新款裙子春秋宽松中长款V领A字衬衫裙韩版,219,1,AW280_3,颜色分类：白色;尺码：S,null,null,交易关闭,AW280_3
197387802995585651,格纹连衣裙女夏2018新款荷叶边裙慵懒风裙子宽松极简主义长裙复古,258,1,AW1387_2,颜色分类：红蓝格;尺码：M,null,申通圆通中通韵达顺丰,卖家已发货，等待买家确认,AW1387_2
200564866904123324,花苞短裤女夏2018新款宽松热裤高腰阔腿裤薄款哈伦裤裤子显瘦裤裙,198,1,AW1458_2,颜色分类：蓝色;尺寸：M,null,null,卖家已发货，等待买家确认,AW1458_2
200564866904123324,白色衬衫洋气小衫女夏韩版荷叶边娃娃衫波点雪纺上衣chic蓬蓬衬衣,239,1,AW1448_2,颜色分类：蓝波点[波点位置随机];尺码：M,null,null,卖家已发货，等待买家确认,AW1448_2
200400953862206132,pphome裙18吊带背带连衣裙女2018夏装新款宽松复古长裙子中长款夏,240,1,AW301,颜色分类：绿色;尺码：均码,null,null,卖家已发货，等待买家确认,AW301
200454518788745229,冷淡风连衣裙女2018新款宽松慵懒风pp home裙子夏港味复古长裙,219,1,AW1405_1,颜色分类：黑白色;尺码：S,null,null,卖家已发货，等待买家确认,AW1405_1
200186165276066804,2018新款极简主义连衣裙女中长款慵懒风休闲chic复古鱼尾裙子港味,258,1,AW1390_2,颜色分类：拼色;尺码：M,null,null,卖家已发货，等待买家确认,AW1390_2
197070365440983083,2018新款张韶涵明星同款民族风印花连体裤宽松女夏阔腿裤薄款短裤,248,1,AW1377_1,颜色分类：印花;尺寸：S,null,null,卖家已发货，等待买家确认,AW1377_1
197070365440983083,裙子女夏2018新款pp home心机设计感T恤裙sukol裙连衣裙小清新,199,1,AW1406_1,颜色分类：黑白色;尺码：S,null,null,卖家已发货，等待买家确认,AW1406_1
197070365440983083,2018夏新款宽松港味复古连衣裙ins超火慵懒风pp home裙子韩版女装,298,1,AW1400_1,颜色分类：白色;尺码：S,null,null,卖家已发货，等待买家确认,AW1400_1
200120561583695222,2017新款韩版蓝白条纹衬衫女中长款韩版时尚宽松长袖打底衬衣上衣,178,1,AW189,颜色分类：蓝色条纹;尺码：均码,null,null,交易关闭,AW189
200120561583695222,2018春秋季新款白色衬衫女chic长袖韩版学生上衣百搭宽松打底衬衣,245,1,AW396,颜色分类：白色;尺码：均码,null,null,卖家已发货，等待买家确认,AW396
200120561583695222,格子小西装外套女韩版2018秋装新款休闲中长款长袖chic西服短款,387,2,AW809_2,颜色分类：格子;尺码：M,null,null,卖家已发货，等待买家确认,AW809_2
200120561583695222,英伦工装风外套女2018春装新款韩版长袖chic宽松百搭收腰风衣短款,448.5,1,AW1155_1,颜色分类：浅灰色;尺码：S,null,null,卖家已发货，等待买家确认,AW1155_1
200120561583695222,格子复古马甲外套女2018春装新款拼接中长款过膝风衣chic外搭,448.5,1,AW1056_1,颜色分类：拼色;尺码：S,null,null,卖家已发货，等待买家确认,AW1056_1
200120561583695222,2018新款早秋拼接格纹衬衫女中长款韩版宽松长袖chicpolo衫原宿风,888,1,AW1094_1,颜色分类：蓝色;尺码：S,null,null,交易成功,AW1094_1
200120561583695222,2018春季新款韩版拼接格纹风衣女中长款韩版宽松长袖廓形外套潮,888,1,AW1097_1,颜色分类：拼色;尺码：S,null,null,卖家已发货，等待买家确认,AW1097_1
200120561583695222,2018春秋新款韩版BF风中长款春装复古港风牛仔衣外套女宽松潮风衣,396,1,AW036,颜色分类：蓝色;尺码：均码,null,null,交易关闭,AW036
200120561583695222,2018春秋新款韩版开学季chic外套女宽松百搭中长款棒球服学生港味,448.5,1,AW1051_2,颜色分类：拼色;尺码：M,null,null,卖家已发货，等待买家确认,AW1051_2
200120561583695222,春秋风衣女秋季2018新款韩版学历外套宽松中长款chic休闲lulu外套,508.5,2,AW1165_2,颜色分类：拼色;尺码：M,null,null,交易关闭,AW1165_2
196951254502298274,冷淡风连衣裙女2018新款宽松慵懒风pp home裙子夏港味复古长裙,219,1,AW1405_2,颜色分类：黑白色;尺码：M,null,null,卖家已发货，等待买家确认,AW1405_2
196951254502298274,2018夏新款法式复古黑色连衣裙女宽松极简主义慵懒风chic长裙子,285,1,AW1309_2,颜色分类：黑色;尺码：M,null,null,卖家已发货，等待买家确认,AW1309_2
196743382362670182,港味极简主义连衣裙夏2018新款宽松冷淡风中长款裙子女慵懒风chic,269,1,AW1344_1,颜色分类：印花;尺码：S,null,null,卖家已发货，等待买家确认,AW1344_1
196743382362670182,2018新款鱼尾连衣裙女夏宽松中长款慵懒风裙子 i miss裙超仙甜美,248,1,AW1446_1,颜色分类：桔色;尺码：S,null,null,交易成功,AW1446_1
199785512795711326,裙子女夏2018新款pp home心机设计感T恤裙sukol裙连衣裙小清新,199,1,AW1406_1,颜色分类：黑白色;尺码：S,null,null,卖家已发货，等待买家确认,AW1406_1
196775667135143870,冬季新款米白色呢子大衣女韩版中长款chic过膝羊羔毛毛呢外套韩国,702,1,AW961_1,颜色分类：米白色;尺码：S,null,null,卖家已发货，等待买家确认,AW961_1
199965022206906712,复古印花连衣裙女夏2018新款宽松中长款 i miss裙收腰遮肚子裙子,258,1,AW1435_1,颜色分类：印花蓝;尺码：S,null,null,卖家已发货，等待买家确认,AW1435_1
199965022206906712,裙子女夏2018新款pp home心机设计感T恤裙sukol裙连衣裙小清新,199,1,AW1406_2,颜色分类：黑白色;尺码：M,null,null,卖家已发货，等待买家确认,AW1406_2
199965022206906712,复古连衣裙夏装宽松2018新款中长款慵懒风裙子温柔i miss裙超仙女,246,1,AW1338_2,颜色分类：白色;尺码：M,null,null,卖家已发货，等待买家确认,AW1338_2
196497374091725064,白色衬衫洋气小衫女夏韩版荷叶边娃娃衫波点雪纺上衣chic蓬蓬衬衣,239,1,AW1448_2,颜色分类：蓝波点[波点位置随机];尺码：M,null,null,卖家已发货，等待买家确认,AW1448_2
174982529956117641,性感连衣裙女夏2018新款宽松长裙露背裙子心机裙子设计感温柔裙,239,1,AW1403_2,颜色分类：蓝白格;尺码：M,null,null,卖家已发货，等待买家确认,AW1403_2
199902863583939011,睡衣风家居服2018新款夏印花开衫短裤女套装宽松韩版春秋季两件套,285,1,AW1422_1,颜色分类：印花;尺码：S,null,null,卖家已发货，等待买家确认,AW1422_1
199902863583939011,港味复古连衣裙女2018新款收腰长裙慵懒风pp home裙子夏极简主义,218,1,AW1399_1,颜色分类：印花;尺码：S,null,null,卖家已发货，等待买家确认,AW1399_1
196286954410906584,2018新款韩版极简主义名媛连衣裙慵懒风裙子女夏温柔裙超仙显瘦,189,1,AW1394_2,颜色分类：花色;尺码：M,null,null,交易关闭,AW1394_2
196286954410906584,条纹吊带裙女夏荷叶边裙子2018新款宽松长裙慵懒风chic连衣裙,288,1,AW1395_2,颜色分类：红白条;尺码：M,null,null,卖家已发货，等待买家确认,AW1395_2
196286954410906584,撞色拼接格纹连衣裙2018夏装新款宽松系带收腰长裙港味chic裙子,245,1,AW1376_2,颜色分类：黑白格;尺码：M,null,null,交易关闭,AW1376_2
196286954410906584,波点宽松连衣裙女夏2018新款中长款T恤裙慵懒风裙子极简主义长裙,238,1,AW1437_2,颜色分类：波点;尺码：M,null,null,交易关闭,AW1437_2
195726701187436472,白色衬衫洋气小衫女夏韩版荷叶边娃娃衫波点雪纺上衣chic蓬蓬衬衣,239,1,AW1448_1,颜色分类：蓝波点[波点位置随机];尺码：S,null,null,卖家已发货，等待买家确认,AW1448_1
199158118164622434,条纹连衣裙女夏2018新款宽松中长款鱼尾裙慵懒风裙子极简主义长裙,288,1,AW1444_2,颜色分类：蓝白;尺码：M,null,null,卖家已发货，等待买家确认,AW1444_2
199158118164622434,慵懒风连衣裙女蕾丝网纱夏2018新款露肩小心机裙子设计感pp home,268,1,AW1397_2,颜色分类：黑白色;尺码：M,null,null,交易成功,AW1397_2
198473013297587629,花苞短裤女夏2018新款宽松热裤高腰阔腿裤薄款哈伦裤裤子显瘦裤裙,198,1,AW1458_2,颜色分类：蓝色;尺寸：M,null,null,卖家已发货，等待买家确认,AW1458_2
198473013297587629,白色衬衫洋气小衫女夏韩版荷叶边娃娃衫波点雪纺上衣chic蓬蓬衬衣,239,1,AW1448_1,颜色分类：蓝波点[波点位置随机];尺码：S,null,null,卖家已发货，等待买家确认,AW1448_1
198402901798929304,白色连衣裙女夏2018新款宽松中长款长裙慵懒风chic裙子极简主义,268,1,AW1330_2,颜色分类：白色;尺码：M,null,null,交易成功,AW1330_2
198402901798929304,2018新款韩版极简主义名媛连衣裙慵懒风裙子女夏温柔裙超仙显瘦,189,1,AW1394_2,颜色分类：花色;尺码：M,null,null,卖家已发货，等待买家确认,AW1394_2
194781476656938872,冷淡风连衣裙女2018新款宽松慵懒风pp home裙子夏港味复古长裙,219,1,AW1405_1,颜色分类：黑白色;尺码：S,null,null,卖家已发货，等待买家确认,AW1405_1
194781476656938872,紫罗兰百褶连衣裙女夏装新款2018韩版宽松不规则裙长裙慵懒风chic,268,1,AW1348_1,颜色分类：紫色;尺码：S,null,null,交易成功,AW1348_1
194781476656938872,港味极简主义连衣裙夏2018新款宽松冷淡风中长款裙子女慵懒风chic,269,1,AW1344_1,颜色分类：印花;尺码：S,null,null,交易关闭,AW1344_1
194781476656938872,裙子女夏2018新款pp home心机设计感T恤裙sukol裙连衣裙小清新,199,1,AW1406_1,颜色分类：黑白色;尺码：S,null,null,交易关闭,AW1406_1
194781476656938872,港味复古连衣裙女2018新款收腰长裙慵懒风pp home裙子夏极简主义,218,1,AW1399_1,颜色分类：印花;尺码：S,null,null,交易关闭,AW1399_1
194781476656938872,花苞短裤女夏2018新款宽松热裤高腰阔腿裤薄款哈伦裤裤子显瘦裤裙,198,1,AW1458_1,颜色分类：蓝色;尺寸：S,null,null,交易关闭,AW1458_1
194781476656938872,白色衬衫洋气小衫女夏韩版荷叶边娃娃衫波点雪纺上衣chic蓬蓬衬衣,239,1,AW1448_1,颜色分类：蓝波点[波点位置随机];尺码：S,null,null,交易关闭,AW1448_1
194781476656938872,2018新款韩版极简主义名媛连衣裙慵懒风裙子女夏温柔裙超仙显瘦,189,1,AW1394_1,颜色分类：花色;尺码：S,null,null,交易成功,AW1394_1
174772923621304044,裙子女夏2018新款pp home心机设计感T恤裙sukol裙连衣裙小清新,199,1,AW1406_1,颜色分类：黑白色;尺码：S,null,null,卖家已发货，等待买家确认,AW1406_1
174772923621304044,冷淡风连衣裙女2018新款宽松慵懒风pp home裙子夏港味复古长裙,219,1,AW1405_1,颜色分类：黑白色;尺码：S,null,null,交易关闭,AW1405_1
174772923621304044,慵懒风连衣裙女蕾丝网纱夏2018新款露肩小心机裙子设计感pp home,268,1,AW1397_1,颜色分类：黑白色;尺码：S,null,null,交易关闭,AW1397_1
174772923621304044,大格子收腰连衣裙女V领黄白系带温柔裙超仙a字裙宽松娃娃裙夏新款,249,1,AW1317_1,颜色分类：桔色;尺码：S,null,null,交易关闭,AW1317_1
174772923621304044,2018夏新款宽松港味复古连衣裙女a字慵懒风pp home裙子韩版女装,298,1,AW1400_1,颜色分类：白色;尺码：S,null,null,交易关闭,AW1400_1
174680187723473740,蓝色刺绣短袖宽松棉麻连衣裙女夏季2018新款中长款慵懒风裙极简,288,1,AW1302_2,颜色分类：蓝色;尺码：M,null,null,交易成功,AW1302_2
174680187723473740,格纹连衣裙女夏2018新款荷叶边裙慵懒风裙子宽松极简主义长裙复古,258,1,AW1387_2,颜色分类：红蓝格;尺码：M,null,null,卖家已发货，等待买家确认,AW1387_2
194318079431647586,2018新款张韶涵明星同款民族风印花连体裤宽松女夏阔腿裤薄款短裤,248,1,AW1377_2,颜色分类：印花;尺寸：M,null,null,卖家已发货，等待买家确认,AW1377_2
194048045007945950,港味极简主义连衣裙夏2018新款宽松冷淡风中长款裙子女慵懒风chic,269,1,AW1344_2,颜色分类：印花;尺码：M,null,null,卖家已发货，等待买家确认,AW1344_2
194048045007945950,2018新款鱼尾极简主义连衣裙女中长款慵懒风休闲a字温柔裙子夏季,258,1,AW1390_2,颜色分类：拼色;尺码：M,null,null,交易成功,AW1390_2
197367994895684921,2018新款宽松蕾丝拼接条纹衬衫裙女夏慵懒风裙子极简主义 连衣裙,258,1,AW1388_1,颜色分类：黄白条;尺码：S,null,null,卖家已发货，等待买家确认,AW1388_1
197367994895684921,港味极简主义连衣裙夏2018新款宽松冷淡风中长款裙子女慵懒风chic,269,1,AW1344_1,颜色分类：印花;尺码：S,null,null,卖家已发货，等待买家确认,AW1344_1
192667143144546095,白色衬衫洋气小衫女夏韩版荷叶边娃娃衫波点雪纺上衣chic蓬蓬衬衣,239,1,AW1448_2,颜色分类：蓝波点[波点位置随机];尺码：M,null,null,卖家已发货，等待买家确认,AW1448_2
192667143144546095,花苞短裤女夏2018新款宽松热裤高腰阔腿裤薄款哈伦裤裤子显瘦裤裙,198,1,AW1458_2,颜色分类：蓝色;尺寸：M,null,null,卖家已发货，等待买家确认,AW1458_2
192493933551204186,2018新款鱼尾极简主义连衣裙女中长款慵懒风休闲a字温柔裙子夏季,258,1,AW1390_2,颜色分类：拼色;尺码：M,null,null,卖家已发货，等待买家确认,AW1390_2
192258760142656264,红蓝条纹系带收腰拼接连衣裙女夏2018新款宽松冷淡风樱田川岛裙子,238,1,AW1368_2,颜色分类：红蓝条;尺码：M,null,null,卖家已发货，等待买家确认,AW1368_2
192258760142656264,2018夏季新款蕾丝印花雪纺冷淡风连衣裙女中长款宽松裙子文艺极简,312,1,AW1195_2,颜色分类：花色;尺码：M,null,null,交易成功,AW1195_2
191194564958670182,港味极简主义连衣裙夏2018新款宽松冷淡风中长款裙子女慵懒风chic,269,1,AW1344_2,颜色分类：印花;尺码：M,null,null,卖家已发货，等待买家确认,AW1344_2
187562796856586596,花苞短裤女夏2018新款宽松热裤高腰阔腿裤薄款哈伦裤裤子显瘦裤裙,198,1,AW1458_2,颜色分类：蓝色;尺寸：M,null,null,交易关闭,AW1458_2
187562796856586596,格纹荷叶边衬衫女2018新款小清新娃娃衫宽松衬衣夏薄款防晒上衣,199,1,AW1380_1,颜色分类：黄蓝格;尺码：S,null,null,卖家已发货，等待买家确认,AW1380_1
